name,eval_task_name,model_name,data_dir,teacher_model,student_model,task_name,output_dir,cache_dir,max_seq_length,do_eval,do_lower_case,train_batch_size,eval_batch_size,learning_rate,weight_decay,num_train_epochs,warmup_proportion,no_cuda,gradient_accumulation_steps,aug_train,eval_step,pred_distill,data_url,temperature,training_time,accuracy,eval_time,meta_amb_precision,meta_amb_recall,meta_amb_f1-score,meta_amb_support,meta_minus_m_precision,meta_minus_m_recall,meta_minus_m_f1-score,meta_minus_m_support,meta_plus_m_precision,meta_plus_m_recall,meta_plus_m_f1-score,meta_plus_m_support,meta_zero_precision,meta_zero_recall,meta_zero_f1-score,meta_zero_support,macro avg_precision,macro avg_recall,macro avg_f1-score,macro avg_support,weighted avg_precision,weighted avg_recall,weighted avg_f1-score,weighted avg_support,model_size,memory,parameters
multiemo_en_Nhotels_text-run-1,multiemo_en_hotels_text,TinyBERT_4L_312D,data/multiemo2,data/models/bert-base-uncased/multiemo_en_Nhotels_text,data/models/TMP_TinyBERT_4L_312D/multiemo_en_Nhotels_text-run-1,multiemo_en_Nhotels_text,data/models/TinyBERT_4L_312D/multiemo_en_Nhotels_text-run-1,,256,False,True,8,16,5e-05,0.01,4.0,0.0,False,1,False,50,True,,1.0,505.34629499999994,0.7518987341772152,0.582295,0.5294117647058824,0.313953488372093,0.39416058394160586,86,0.7819148936170213,0.8802395209580839,0.828169014084507,167,0.7401574803149606,0.94,0.8281938325991189,100,1.0,0.6904761904761905,0.8169014084507042,42,0.762871034659466,0.7061672999515918,0.7168562097689839,395,0.7395568279246696,0.7518987341772152,0.7324842480656512,395,58395396,58367536,14591884
multiemo_en_Nhotels_text-run-2,multiemo_en_hotels_text,TinyBERT_4L_312D,data/multiemo2,data/models/bert-base-uncased/multiemo_en_Nhotels_text,data/models/TMP_TinyBERT_4L_312D/multiemo_en_Nhotels_text-run-2,multiemo_en_Nhotels_text,data/models/TinyBERT_4L_312D/multiemo_en_Nhotels_text-run-2,,256,False,True,8,16,5e-05,0.01,4.0,0.0,False,1,False,50,True,,1.0,500.24649,0.7848101265822784,0.576687,0.6458333333333334,0.36046511627906974,0.46268656716417916,86,0.8031914893617021,0.9041916167664671,0.8507042253521128,167,0.765625,0.98,0.8596491228070174,100,0.967741935483871,0.7142857142857143,0.821917808219178,42,0.7955979395447266,0.7397356118328128,0.7487394308856219,395,0.7769172321022619,0.7848101265822784,0.7654281281919733,395,58395396,58367536,14591884
multiemo_en_Nhotels_text-run-3,multiemo_en_hotels_text,TinyBERT_4L_312D,data/multiemo2,data/models/bert-base-uncased/multiemo_en_Nhotels_text,data/models/TMP_TinyBERT_4L_312D/multiemo_en_Nhotels_text-run-3,multiemo_en_Nhotels_text,data/models/TinyBERT_4L_312D/multiemo_en_Nhotels_text-run-3,,256,False,True,8,16,5e-05,0.01,4.0,0.0,False,1,False,50,True,,1.0,505.76965900000005,0.7873417721518987,0.550226,0.6739130434782609,0.36046511627906974,0.4696969696969696,86,0.7979274611398963,0.9221556886227545,0.8555555555555554,167,0.76,0.95,0.8444444444444444,100,1.0,0.7380952380952381,0.8493150684931507,42,0.8079601261545393,0.7426790107492656,0.7547530095475301,395,0.7828111588594763,0.7873417721518987,0.7680693531465163,395,58395396,58367536,14591884
multiemo_en_Nhotels_text-run-4,multiemo_en_hotels_text,TinyBERT_4L_312D,data/multiemo2,data/models/bert-base-uncased/multiemo_en_Nhotels_text,data/models/TMP_TinyBERT_4L_312D/multiemo_en_Nhotels_text-run-4,multiemo_en_Nhotels_text,data/models/TinyBERT_4L_312D/multiemo_en_Nhotels_text-run-4,,256,False,True,8,16,5e-05,0.01,4.0,0.0,False,1,False,50,True,,1.0,506.46831099999997,0.7493670886075949,0.549261,0.5681818181818182,0.29069767441860467,0.38461538461538464,86,0.7936507936507936,0.8982035928143712,0.8426966292134831,167,0.6962962962962963,0.94,0.8,100,1.0,0.6428571428571429,0.782608695652174,42,0.764532227032227,0.6929396025225297,0.7024801773702605,395,0.7418555659061988,0.7493670886075949,0.7257641148682685,395,58395396,58367536,14591884
multiemo_en_Nhotels_text-run-5,multiemo_en_hotels_text,TinyBERT_4L_312D,data/multiemo2,data/models/bert-base-uncased/multiemo_en_Nhotels_text,data/models/TMP_TinyBERT_4L_312D/multiemo_en_Nhotels_text-run-5,multiemo_en_Nhotels_text,data/models/TinyBERT_4L_312D/multiemo_en_Nhotels_text-run-5,,256,False,True,8,16,5e-05,0.01,4.0,0.0,False,1,False,50,True,,1.0,501.489281,0.769620253164557,0.551399,0.5869565217391305,0.313953488372093,0.40909090909090906,86,0.7766497461928934,0.9161676646706587,0.8406593406593407,167,0.7704918032786885,0.94,0.8468468468468469,100,1.0,0.7142857142857143,0.8333333333333333,42,0.7835245178026782,0.7211017168321165,0.7324826074826074,395,0.7575391109155627,0.769620253164557,0.7474850955863614,395,58395396,58367536,14591884
multiemo_en_Nmedicine_text-run-1,multiemo_en_medicine_text,TinyBERT_4L_312D,data/multiemo2,data/models/bert-base-uncased/multiemo_en_Nmedicine_text,data/models/TMP_TinyBERT_4L_312D/multiemo_en_Nmedicine_text-run-1,multiemo_en_Nmedicine_text,data/models/TinyBERT_4L_312D/multiemo_en_Nmedicine_text-run-1,,256,False,True,8,16,5e-05,0.01,4.0,0.0,False,1,False,50,True,,1.0,598.572001,0.7492354740061162,0.470468,0.1694915254237288,0.45454545454545453,0.24691358024691354,22,0.8273381294964028,0.8646616541353384,0.8455882352941175,133,0.8787878787878788,0.5979381443298969,0.7116564417177913,97,0.9841269841269841,0.8266666666666667,0.898550724637681,75,0.7149361294587486,0.6859529799193391,0.6756772454741259,327,0.8343019352730632,0.7492354740061162,0.777728786709485,327,58395396,58367536,14591884
multiemo_en_Nmedicine_text-run-2,multiemo_en_medicine_text,TinyBERT_4L_312D,data/multiemo2,data/models/bert-base-uncased/multiemo_en_Nmedicine_text,data/models/TMP_TinyBERT_4L_312D/multiemo_en_Nmedicine_text-run-2,multiemo_en_Nmedicine_text,data/models/TinyBERT_4L_312D/multiemo_en_Nmedicine_text-run-2,,256,False,True,8,16,5e-05,0.01,4.0,0.0,False,1,False,50,True,,1.0,590.637035,0.7247706422018348,0.484904,0.16176470588235295,0.5,0.24444444444444446,22,0.8273381294964028,0.8646616541353384,0.8455882352941175,133,0.8793103448275862,0.5257731958762887,0.6580645161290323,97,0.967741935483871,0.8,0.8759124087591241,75,0.7090387789225532,0.6726087125029068,0.6560024011566796,327,0.8301790316880719,0.7247706422018348,0.7564730941692535,327,58395396,58367536,14591884
multiemo_en_Nmedicine_text-run-3,multiemo_en_medicine_text,TinyBERT_4L_312D,data/multiemo2,data/models/bert-base-uncased/multiemo_en_Nmedicine_text,data/models/TMP_TinyBERT_4L_312D/multiemo_en_Nmedicine_text-run-3,multiemo_en_Nmedicine_text,data/models/TinyBERT_4L_312D/multiemo_en_Nmedicine_text-run-3,,256,False,True,8,16,5e-05,0.01,4.0,0.0,False,1,False,50,True,,1.0,586.1452380000001,0.7522935779816514,0.479232,0.16363636363636364,0.4090909090909091,0.23376623376623376,22,0.8027210884353742,0.8872180451127819,0.842857142857143,133,0.90625,0.5979381443298969,0.7204968944099378,97,1.0,0.8133333333333334,0.8970588235294117,75,0.7181518630179344,0.6768951079667304,0.6735447736406815,327,0.8356824304645405,0.7522935779816514,0.7780136625850977,327,58395396,58367536,14591884
multiemo_en_Nmedicine_text-run-4,multiemo_en_medicine_text,TinyBERT_4L_312D,data/multiemo2,data/models/bert-base-uncased/multiemo_en_Nmedicine_text,data/models/TMP_TinyBERT_4L_312D/multiemo_en_Nmedicine_text-run-4,multiemo_en_Nmedicine_text,data/models/TinyBERT_4L_312D/multiemo_en_Nmedicine_text-run-4,,256,False,True,8,16,5e-05,0.01,4.0,0.0,False,1,False,50,True,,1.0,588.2552949999999,0.764525993883792,0.467917,0.21666666666666667,0.5909090909090909,0.3170731707317074,22,0.8201438848920863,0.8571428571428571,0.8382352941176471,133,0.9264705882352942,0.6494845360824743,0.7636363636363637,97,1.0,0.8,0.888888888888889,75,0.7408202849485117,0.7243841210336055,0.7019584293436517,327,0.8523347107527146,0.764525993883792,0.7926614612022588,327,58395396,58367536,14591884
multiemo_en_Nmedicine_text-run-5,multiemo_en_medicine_text,TinyBERT_4L_312D,data/multiemo2,data/models/bert-base-uncased/multiemo_en_Nmedicine_text,data/models/TMP_TinyBERT_4L_312D/multiemo_en_Nmedicine_text-run-5,multiemo_en_Nmedicine_text,data/models/TinyBERT_4L_312D/multiemo_en_Nmedicine_text-run-5,,256,False,True,8,16,5e-05,0.01,4.0,0.0,False,1,False,50,True,,1.0,583.447224,0.7614678899082569,0.492937,0.23809523809523808,0.6818181818181818,0.3529411764705882,22,0.8248175182481752,0.849624060150376,0.837037037037037,133,0.9682539682539683,0.6288659793814433,0.7624999999999998,97,0.9375,0.8,0.8633093525179856,75,0.7421666811493454,0.7400770553375002,0.7039468915064027,327,0.853736880996139,0.7614678899082569,0.7883832821013083,327,58395396,58367536,14591884
multiemo_en_Nproducts_text-run-1,multiemo_en_products_text,TinyBERT_4L_312D,data/multiemo2,data/models/bert-base-uncased/multiemo_en_Nproducts_text,data/models/TMP_TinyBERT_4L_312D/multiemo_en_Nproducts_text-run-1,multiemo_en_Nproducts_text,data/models/TinyBERT_4L_312D/multiemo_en_Nproducts_text-run-1,,256,False,True,8,16,5e-05,0.01,4.0,0.0,False,1,False,50,True,,1.0,936.887076,0.7708333333333334,0.087274,0.5454545454545454,0.6,0.5714285714285713,10,0.90625,0.8285714285714286,0.8656716417910447,35,0.6666666666666666,1.0,0.8,2,0.0,0.0,0.0,1,0.529592803030303,0.6071428571428572,0.559275053304904,48,0.8022214330808081,0.7708333333333334,0.7835998578535892,48,58395396,58367536,14591884
multiemo_en_Nproducts_text-run-2,multiemo_en_products_text,TinyBERT_4L_312D,data/multiemo2,data/models/bert-base-uncased/multiemo_en_Nproducts_text,data/models/TMP_TinyBERT_4L_312D/multiemo_en_Nproducts_text-run-2,multiemo_en_Nproducts_text,data/models/TinyBERT_4L_312D/multiemo_en_Nproducts_text-run-2,,256,False,True,8,16,5e-05,0.01,4.0,0.0,False,1,False,50,True,,1.0,911.349361,0.8125,0.086781,0.6666666666666666,0.6,0.631578947368421,10,0.9117647058823529,0.8857142857142857,0.8985507246376812,35,0.5,1.0,0.6666666666666666,2,0.0,0.0,0.0,1,0.5196078431372548,0.6214285714285714,0.5491990846681922,48,0.8245506535947712,0.8125,0.8145499618611747,48,58395396,58367536,14591884
multiemo_en_Nproducts_text-run-3,multiemo_en_products_text,TinyBERT_4L_312D,data/multiemo2,data/models/bert-base-uncased/multiemo_en_Nproducts_text,data/models/TMP_TinyBERT_4L_312D/multiemo_en_Nproducts_text-run-3,multiemo_en_Nproducts_text,data/models/TinyBERT_4L_312D/multiemo_en_Nproducts_text-run-3,,256,False,True,8,16,5e-05,0.01,4.0,0.0,False,1,False,50,True,,1.0,917.844227,0.7708333333333334,0.084483,0.6363636363636364,0.7,0.6666666666666666,10,0.9333333333333333,0.8,0.8615384615384616,35,0.5,1.0,0.6666666666666666,2,0.0,0.0,0.0,1,0.5174242424242425,0.625,0.5487179487179487,48,0.8339646464646465,0.7708333333333334,0.794871794871795,48,58395396,58367536,14591884
multiemo_en_Nproducts_text-run-4,multiemo_en_products_text,TinyBERT_4L_312D,data/multiemo2,data/models/bert-base-uncased/multiemo_en_Nproducts_text,data/models/TMP_TinyBERT_4L_312D/multiemo_en_Nproducts_text-run-4,multiemo_en_Nproducts_text,data/models/TinyBERT_4L_312D/multiemo_en_Nproducts_text-run-4,,256,False,True,8,16,5e-05,0.01,4.0,0.0,False,1,False,50,True,,1.0,921.587471,0.75,0.087648,0.5,0.4,0.4444444444444445,10,0.8571428571428571,0.8571428571428571,0.8571428571428571,35,0.5,1.0,0.6666666666666666,2,0.0,0.0,0.0,1,0.4642857142857143,0.5642857142857143,0.4920634920634921,48,0.75,0.75,0.7453703703703703,48,58395396,58367536,14591884
multiemo_en_Nproducts_text-run-5,multiemo_en_products_text,TinyBERT_4L_312D,data/multiemo2,data/models/bert-base-uncased/multiemo_en_Nproducts_text,data/models/TMP_TinyBERT_4L_312D/multiemo_en_Nproducts_text-run-5,multiemo_en_Nproducts_text,data/models/TinyBERT_4L_312D/multiemo_en_Nproducts_text-run-5,,256,False,True,8,16,5e-05,0.01,4.0,0.0,False,1,False,50,True,,1.0,912.7270120000001,0.7708333333333334,0.094157,0.5555555555555556,0.5,0.5263157894736842,10,0.8823529411764706,0.8571428571428571,0.8695652173913043,35,0.6666666666666666,1.0,0.8,2,0.0,0.0,0.0,1,0.5261437908496732,0.5892857142857143,0.5489702517162471,48,0.7869008714596951,0.7708333333333334,0.7770404271548436,48,58395396,58367536,14591884
multiemo_en_Nreviews_text-run-1,multiemo_en_reviews_text,TinyBERT_4L_312D,data/multiemo2,data/models/bert-base-uncased/multiemo_en_Nreviews_text,data/models/TMP_TinyBERT_4L_312D/multiemo_en_Nreviews_text-run-1,multiemo_en_Nreviews_text,data/models/TinyBERT_4L_312D/multiemo_en_Nreviews_text-run-1,,256,False,True,8,16,5e-05,0.01,4.0,0.0,False,1,False,50,True,,1.0,918.838626,0.6,0.094296,0.7272727272727273,0.4444444444444444,0.5517241379310345,18,0.4,0.5,0.4444444444444445,4,0.8333333333333334,0.7142857142857143,0.7692307692307692,28,0.0,0.0,0.0,0,0.4901515151515152,0.41468253968253965,0.441349837901562,50,0.7604848484848487,0.6,0.6649454759799588,50,58395396,58367536,14591884
multiemo_en_Nreviews_text-run-2,multiemo_en_reviews_text,TinyBERT_4L_312D,data/multiemo2,data/models/bert-base-uncased/multiemo_en_Nreviews_text,data/models/TMP_TinyBERT_4L_312D/multiemo_en_Nreviews_text-run-2,multiemo_en_Nreviews_text,data/models/TinyBERT_4L_312D/multiemo_en_Nreviews_text-run-2,,256,False,True,8,16,5e-05,0.01,4.0,0.0,False,1,False,50,True,,1.0,909.98642,0.64,0.107672,0.8888888888888888,0.4444444444444444,0.5925925925925926,18,0.4,1.0,0.5714285714285715,4,0.8333333333333334,0.7142857142857143,0.7692307692307692,28,0.0,0.0,0.0,0,0.5305555555555556,0.5396825396825397,0.48331298331298334,50,0.8186666666666668,0.64,0.6898168498168498,50,58395396,58367536,14591884
multiemo_en_Nreviews_text-run-3,multiemo_en_reviews_text,TinyBERT_4L_312D,data/multiemo2,data/models/bert-base-uncased/multiemo_en_Nreviews_text,data/models/TMP_TinyBERT_4L_312D/multiemo_en_Nreviews_text-run-3,multiemo_en_Nreviews_text,data/models/TinyBERT_4L_312D/multiemo_en_Nreviews_text-run-3,,256,False,True,8,16,5e-05,0.01,4.0,0.0,False,1,False,50,True,,1.0,921.213717,0.58,0.083968,0.875,0.3888888888888889,0.5384615384615385,18,0.16666666666666666,0.25,0.2,4,0.8076923076923077,0.75,0.7777777777777779,28,0.0,0.0,0.0,0,0.4623397435897436,0.3472222222222222,0.3790598290598291,50,0.7806410256410257,0.58,0.6454017094017095,50,58395396,58367536,14591884
multiemo_en_Nreviews_text-run-4,multiemo_en_reviews_text,TinyBERT_4L_312D,data/multiemo2,data/models/bert-base-uncased/multiemo_en_Nreviews_text,data/models/TMP_TinyBERT_4L_312D/multiemo_en_Nreviews_text-run-4,multiemo_en_Nreviews_text,data/models/TinyBERT_4L_312D/multiemo_en_Nreviews_text-run-4,,256,False,True,8,16,5e-05,0.01,4.0,0.0,False,1,False,50,True,,1.0,907.50746,0.56,0.07742,0.8333333333333334,0.2777777777777778,0.4166666666666667,18,0.25,0.5,0.3333333333333333,4,0.8076923076923077,0.75,0.7777777777777779,28,0.0,0.0,0.0,0,0.4727564102564103,0.3819444444444444,0.3819444444444445,50,0.7723076923076923,0.56,0.6122222222222223,50,58395396,58367536,14591884
multiemo_en_Nreviews_text-run-5,multiemo_en_reviews_text,TinyBERT_4L_312D,data/multiemo2,data/models/bert-base-uncased/multiemo_en_Nreviews_text,data/models/TMP_TinyBERT_4L_312D/multiemo_en_Nreviews_text-run-5,multiemo_en_Nreviews_text,data/models/TinyBERT_4L_312D/multiemo_en_Nreviews_text-run-5,,256,False,True,8,16,5e-05,0.01,4.0,0.0,False,1,False,50,True,,1.0,927.6963189999999,0.6,0.076561,1.0,0.3333333333333333,0.5,18,0.3333333333333333,0.5,0.4,4,0.8148148148148148,0.7857142857142857,0.7999999999999999,28,0.0,0.0,0.0,0,0.537037037037037,0.40476190476190477,0.425,50,0.8429629629629629,0.6,0.66,50,58395396,58367536,14591884
multiemo_en_hotels_text-run-1,multiemo_en_hotels_text,TinyBERT_4L_312D,data/multiemo2,data/models/bert-base-uncased/multiemo_en_hotels_text,data/models/TMP_TinyBERT_4L_312D/multiemo_en_hotels_text-run-1,multiemo_en_hotels_text,data/models/TinyBERT_4L_312D/multiemo_en_hotels_text-run-1,,256,False,True,8,16,5e-05,0.01,4.0,0.0,False,1,False,50,True,,1.0,476.350377,0.8455696202531645,0.553873,0.6790123456790124,0.6395348837209303,0.6586826347305389,86,0.8705882352941177,0.8862275449101796,0.8783382789317508,167,0.8921568627450981,0.91,0.900990099009901,100,0.9523809523809523,0.9523809523809523,0.9523809523809523,42,0.848534599024795,0.8470358452530156,0.8475979912632858,395,0.8430354007519557,0.8455696202531645,0.8441220482770097,395,58395396,58367536,14591884
multiemo_en_hotels_text-run-2,multiemo_en_hotels_text,TinyBERT_4L_312D,data/multiemo2,data/models/bert-base-uncased/multiemo_en_hotels_text,data/models/TMP_TinyBERT_4L_312D/multiemo_en_hotels_text-run-2,multiemo_en_hotels_text,data/models/TinyBERT_4L_312D/multiemo_en_hotels_text-run-2,,256,False,True,8,16,5e-05,0.01,4.0,0.0,False,1,False,50,True,,1.0,488.90078,0.8354430379746836,0.55337,0.6419753086419753,0.6046511627906976,0.6227544910179641,86,0.8666666666666667,0.9341317365269461,0.899135446685879,167,0.8723404255319149,0.82,0.8453608247422681,100,1.0,0.9523809523809523,0.975609756097561,42,0.8452456002101392,0.8277909629246489,0.835715129635918,395,0.8333601327335056,0.8354430379746836,0.8334789824162306,395,58395396,58367536,14591884
multiemo_en_hotels_text-run-3,multiemo_en_hotels_text,TinyBERT_4L_312D,data/multiemo2,data/models/bert-base-uncased/multiemo_en_hotels_text,data/models/TMP_TinyBERT_4L_312D/multiemo_en_hotels_text-run-3,multiemo_en_hotels_text,data/models/TinyBERT_4L_312D/multiemo_en_hotels_text-run-3,,256,False,True,8,16,5e-05,0.01,4.0,0.0,False,1,False,50,True,,1.0,481.915876,0.8481012658227848,0.557417,0.6842105263157895,0.6046511627906976,0.6419753086419753,86,0.875,0.9221556886227545,0.8979591836734695,167,0.8640776699029126,0.89,0.8768472906403941,100,1.0,0.9523809523809523,0.975609756097561,42,0.8558220490546755,0.8422969509486011,0.84809788476335,395,0.8439870183631624,0.8481012658227848,0.8451377190805475,395,58395396,58367536,14591884
multiemo_en_hotels_text-run-4,multiemo_en_hotels_text,TinyBERT_4L_312D,data/multiemo2,data/models/bert-base-uncased/multiemo_en_hotels_text,data/models/TMP_TinyBERT_4L_312D/multiemo_en_hotels_text-run-4,multiemo_en_hotels_text,data/models/TinyBERT_4L_312D/multiemo_en_hotels_text-run-4,,256,False,True,8,16,5e-05,0.01,4.0,0.0,False,1,False,50,True,,1.0,473.462886,0.8354430379746836,0.552805,0.6447368421052632,0.5697674418604651,0.6049382716049383,86,0.8728323699421965,0.9041916167664671,0.8882352941176471,167,0.8476190476190476,0.89,0.8682926829268293,100,1.0,0.9761904761904762,0.9879518072289156,42,0.8412970649166268,0.8350373837043521,0.8373545139695825,395,0.8303095669957069,0.8354430379746836,0.8321094422075167,395,58395396,58367536,14591884
multiemo_en_hotels_text-run-5,multiemo_en_hotels_text,TinyBERT_4L_312D,data/multiemo2,data/models/bert-base-uncased/multiemo_en_hotels_text,data/models/TMP_TinyBERT_4L_312D/multiemo_en_hotels_text-run-5,multiemo_en_hotels_text,data/models/TinyBERT_4L_312D/multiemo_en_hotels_text-run-5,,256,False,True,8,16,5e-05,0.01,4.0,0.0,False,1,False,50,True,,1.0,473.447518,0.8430379746835444,0.545807,0.6623376623376623,0.5930232558139535,0.6257668711656442,86,0.8651685393258427,0.9221556886227545,0.8927536231884058,167,0.8787878787878788,0.87,0.8743718592964824,100,1.0,0.9761904761904762,0.9879518072289156,42,0.8515735201128459,0.8403423551567961,0.845211040219862,395,0.8387923364740318,0.8430379746835444,0.8400935894328401,395,58395396,58367536,14591884
multiemo_en_medicine_text-run-1,multiemo_en_medicine_text,TinyBERT_4L_312D,data/multiemo2,data/models/bert-base-uncased/multiemo_en_medicine_text,data/models/TMP_TinyBERT_4L_312D/multiemo_en_medicine_text-run-1,multiemo_en_medicine_text,data/models/TinyBERT_4L_312D/multiemo_en_medicine_text-run-1,,256,False,True,8,16,5e-05,0.01,4.0,0.0,False,1,False,50,True,,1.0,395.88961900000004,0.8654434250764526,0.470894,0.3235294117647059,0.5,0.3928571428571429,22,0.904,0.849624060150376,0.875968992248062,133,0.9081632653061225,0.9175257731958762,0.9128205128205128,97,1.0,0.9333333333333333,0.9655172413793104,75,0.7839231692677071,0.8001207916698965,0.786790972326257,327,0.8882002562492888,0.8654434250764526,0.8749361344308484,327,58395396,58367536,14591884
multiemo_en_medicine_text-run-2,multiemo_en_medicine_text,TinyBERT_4L_312D,data/multiemo2,data/models/bert-base-uncased/multiemo_en_medicine_text,data/models/TMP_TinyBERT_4L_312D/multiemo_en_medicine_text-run-2,multiemo_en_medicine_text,data/models/TinyBERT_4L_312D/multiemo_en_medicine_text-run-2,,256,False,True,8,16,5e-05,0.01,4.0,0.0,False,1,False,50,True,,1.0,392.265482,0.8868501529051988,0.488756,0.4444444444444444,0.7272727272727273,0.5517241379310345,22,0.9322033898305084,0.8270676691729323,0.8764940239043824,133,0.9108910891089109,0.9484536082474226,0.9292929292929293,97,1.0,0.96,0.9795918367346939,75,0.8218847308459659,0.8656985011732705,0.8342757319657601,327,0.9086154870605497,0.8868501529051988,0.8939524101231858,327,58395396,58367536,14591884
multiemo_en_medicine_text-run-3,multiemo_en_medicine_text,TinyBERT_4L_312D,data/multiemo2,data/models/bert-base-uncased/multiemo_en_medicine_text,data/models/TMP_TinyBERT_4L_312D/multiemo_en_medicine_text-run-3,multiemo_en_medicine_text,data/models/TinyBERT_4L_312D/multiemo_en_medicine_text-run-3,,256,False,True,8,16,5e-05,0.01,4.0,0.0,False,1,False,50,True,,1.0,396.50858900000003,0.8593272171253823,0.481213,0.32558139534883723,0.6363636363636364,0.4307692307692308,22,0.9391304347826087,0.8120300751879699,0.8709677419354838,133,0.8979591836734694,0.9072164948453608,0.9025641025641026,97,1.0,0.9466666666666667,0.9726027397260273,75,0.7906677534512289,0.8255692182659085,0.7942259537487111,327,0.8995999368198407,0.8593272171253823,0.8740353400076833,327,58395396,58367536,14591884
multiemo_en_medicine_text-run-4,multiemo_en_medicine_text,TinyBERT_4L_312D,data/multiemo2,data/models/bert-base-uncased/multiemo_en_medicine_text,data/models/TMP_TinyBERT_4L_312D/multiemo_en_medicine_text-run-4,multiemo_en_medicine_text,data/models/TinyBERT_4L_312D/multiemo_en_medicine_text-run-4,,256,False,True,8,16,5e-05,0.01,4.0,0.0,False,1,False,50,True,,1.0,387.93894,0.8623853211009175,0.480948,0.3235294117647059,0.5,0.3928571428571429,22,0.9256198347107438,0.8421052631578947,0.8818897637795275,133,0.8712871287128713,0.9072164948453608,0.8888888888888888,97,1.0,0.9466666666666667,0.9726027397260273,75,0.7801090937970803,0.7989971061674805,0.7840596338128967,327,0.8860548518669754,0.8623853211009175,0.871870408034277,327,58395396,58367536,14591884
multiemo_en_medicine_text-run-5,multiemo_en_medicine_text,TinyBERT_4L_312D,data/multiemo2,data/models/bert-base-uncased/multiemo_en_medicine_text,data/models/TMP_TinyBERT_4L_312D/multiemo_en_medicine_text-run-5,multiemo_en_medicine_text,data/models/TinyBERT_4L_312D/multiemo_en_medicine_text-run-5,,256,False,True,8,16,5e-05,0.01,4.0,0.0,False,1,False,50,True,,1.0,384.76429,0.8746177370030581,0.464267,0.37142857142857144,0.5909090909090909,0.456140350877193,22,0.9186991869918699,0.849624060150376,0.8828125,133,0.9081632653061225,0.9175257731958762,0.9128205128205128,97,1.0,0.9466666666666667,0.9726027397260273,75,0.799572755931641,0.8261813977305025,0.8060940258559333,327,0.8974013980918691,0.8746177370030581,0.8836022796401836,327,58395396,58367536,14591884
multiemo_en_products_text-run-1,multiemo_en_products_text,TinyBERT_4L_312D,data/multiemo2,data/models/bert-base-uncased/multiemo_en_products_text,data/models/TMP_TinyBERT_4L_312D/multiemo_en_products_text-run-1,multiemo_en_products_text,data/models/TinyBERT_4L_312D/multiemo_en_products_text-run-1,,256,False,True,8,16,5e-05,0.01,4.0,0.0,False,1,False,50,True,,1.0,58.490166,0.8958333333333334,0.081231,0.7142857142857143,1.0,0.8333333333333333,10,0.9705882352941176,0.9428571428571428,0.9565217391304348,35,0.0,0.0,0.0,2,0.0,0.0,0.0,1,0.421218487394958,0.4857142857142857,0.447463768115942,48,0.856530112044818,0.8958333333333334,0.8710748792270531,48,58395396,58367536,14591884
multiemo_en_products_text-run-2,multiemo_en_products_text,TinyBERT_4L_312D,data/multiemo2,data/models/bert-base-uncased/multiemo_en_products_text,data/models/TMP_TinyBERT_4L_312D/multiemo_en_products_text-run-2,multiemo_en_products_text,data/models/TinyBERT_4L_312D/multiemo_en_products_text-run-2,,256,False,True,8,16,5e-05,0.01,4.0,0.0,False,1,False,50,True,,1.0,58.738757,0.8333333333333334,0.100555,0.6153846153846154,0.8,0.6956521739130435,10,0.9142857142857143,0.9142857142857143,0.9142857142857143,35,0.0,0.0,0.0,2,0.0,0.0,0.0,1,0.3824175824175824,0.4285714285714286,0.4024844720496894,48,0.7948717948717948,0.8333333333333334,0.8115942028985508,48,58395396,58367536,14591884
multiemo_en_products_text-run-3,multiemo_en_products_text,TinyBERT_4L_312D,data/multiemo2,data/models/bert-base-uncased/multiemo_en_products_text,data/models/TMP_TinyBERT_4L_312D/multiemo_en_products_text-run-3,multiemo_en_products_text,data/models/TinyBERT_4L_312D/multiemo_en_products_text-run-3,,256,False,True,8,16,5e-05,0.01,4.0,0.0,False,1,False,50,True,,1.0,61.411217,0.7291666666666666,0.084367,0.0,0.0,0.0,10,0.7291666666666666,1.0,0.8433734939759037,35,0.0,0.0,0.0,2,0.0,0.0,0.0,1,0.18229166666666666,0.25,0.21084337349397592,48,0.5316840277777778,0.7291666666666666,0.6149598393574297,48,58395396,58367536,14591884
multiemo_en_products_text-run-4,multiemo_en_products_text,TinyBERT_4L_312D,data/multiemo2,data/models/bert-base-uncased/multiemo_en_products_text,data/models/TMP_TinyBERT_4L_312D/multiemo_en_products_text-run-4,multiemo_en_products_text,data/models/TinyBERT_4L_312D/multiemo_en_products_text-run-4,,256,False,True,8,16,5e-05,0.01,4.0,0.0,False,1,False,50,True,,1.0,59.833386000000004,0.7291666666666666,0.087202,0.0,0.0,0.0,10,0.7291666666666666,1.0,0.8433734939759037,35,0.0,0.0,0.0,2,0.0,0.0,0.0,1,0.18229166666666666,0.25,0.21084337349397592,48,0.5316840277777778,0.7291666666666666,0.6149598393574297,48,58395396,58367536,14591884
multiemo_en_products_text-run-5,multiemo_en_products_text,TinyBERT_4L_312D,data/multiemo2,data/models/bert-base-uncased/multiemo_en_products_text,data/models/TMP_TinyBERT_4L_312D/multiemo_en_products_text-run-5,multiemo_en_products_text,data/models/TinyBERT_4L_312D/multiemo_en_products_text-run-5,,256,False,True,8,16,5e-05,0.01,4.0,0.0,False,1,False,50,True,,1.0,59.502069,0.8125,0.096069,0.5555555555555556,1.0,0.7142857142857143,10,0.9666666666666667,0.8285714285714286,0.8923076923076922,35,0.0,0.0,0.0,2,0.0,0.0,0.0,1,0.38055555555555554,0.4571428571428572,0.40164835164835166,48,0.820601851851852,0.8125,0.7994505494505494,48,58395396,58367536,14591884
multiemo_en_reviews_text-run-1,multiemo_en_reviews_text,TinyBERT_4L_312D,data/multiemo2,data/models/bert-base-uncased/multiemo_en_reviews_text,data/models/TMP_TinyBERT_4L_312D/multiemo_en_reviews_text-run-1,multiemo_en_reviews_text,data/models/TinyBERT_4L_312D/multiemo_en_reviews_text-run-1,,256,False,True,8,16,5e-05,0.01,4.0,0.0,False,1,False,50,True,,1.0,56.521523,0.7,0.083501,0.6111111111111112,0.6111111111111112,0.6111111111111112,18,0.0,0.0,0.0,4,0.75,0.8571428571428571,0.7999999999999999,28,0.0,0.0,0.0,0,0.3402777777777778,0.3670634920634921,0.35277777777777775,50,0.64,0.7,0.6679999999999999,50,58395396,58367536,14591884
multiemo_en_reviews_text-run-2,multiemo_en_reviews_text,TinyBERT_4L_312D,data/multiemo2,data/models/bert-base-uncased/multiemo_en_reviews_text,data/models/TMP_TinyBERT_4L_312D/multiemo_en_reviews_text-run-2,multiemo_en_reviews_text,data/models/TinyBERT_4L_312D/multiemo_en_reviews_text-run-2,,256,False,True,8,16,5e-05,0.01,4.0,0.0,False,1,False,50,True,,1.0,56.1858,0.66,0.1341,0.5555555555555556,0.5555555555555556,0.5555555555555556,18,0.0,0.0,0.0,4,0.71875,0.8214285714285714,0.7666666666666666,28,0.0,0.0,0.0,0,0.3185763888888889,0.34424603174603174,0.33055555555555555,50,0.6025,0.66,0.6293333333333333,50,58395396,58367536,14591884
multiemo_en_reviews_text-run-3,multiemo_en_reviews_text,TinyBERT_4L_312D,data/multiemo2,data/models/bert-base-uncased/multiemo_en_reviews_text,data/models/TMP_TinyBERT_4L_312D/multiemo_en_reviews_text-run-3,multiemo_en_reviews_text,data/models/TinyBERT_4L_312D/multiemo_en_reviews_text-run-3,,256,False,True,8,16,5e-05,0.01,4.0,0.0,False,1,False,50,True,,1.0,55.13738,0.74,0.136686,0.6470588235294118,0.6111111111111112,0.6285714285714287,18,0.0,0.0,0.0,4,0.7878787878787878,0.9285714285714286,0.8524590163934426,28,0.0,0.0,0.0,0,0.35873440285204994,0.38492063492063494,0.3702576112412178,50,0.6741532976827094,0.74,0.7036627634660423,50,58395396,58367536,14591884
multiemo_en_reviews_text-run-4,multiemo_en_reviews_text,TinyBERT_4L_312D,data/multiemo2,data/models/bert-base-uncased/multiemo_en_reviews_text,data/models/TMP_TinyBERT_4L_312D/multiemo_en_reviews_text-run-4,multiemo_en_reviews_text,data/models/TinyBERT_4L_312D/multiemo_en_reviews_text-run-4,,256,False,True,8,16,5e-05,0.01,4.0,0.0,False,1,False,50,True,,1.0,57.185838000000004,0.68,0.06771,0.5454545454545454,0.6666666666666666,0.6,18,0.0,0.0,0.0,4,0.7857142857142857,0.7857142857142857,0.7857142857142857,28,0.0,0.0,0.0,0,0.33279220779220775,0.3630952380952381,0.3464285714285714,50,0.6363636363636364,0.68,0.6559999999999999,50,58395396,58367536,14591884
multiemo_en_reviews_text-run-5,multiemo_en_reviews_text,TinyBERT_4L_312D,data/multiemo2,data/models/bert-base-uncased/multiemo_en_reviews_text,data/models/TMP_TinyBERT_4L_312D/multiemo_en_reviews_text-run-5,multiemo_en_reviews_text,data/models/TinyBERT_4L_312D/multiemo_en_reviews_text-run-5,,256,False,True,8,16,5e-05,0.01,4.0,0.0,False,1,False,50,True,,1.0,55.351752000000005,0.72,0.076301,0.65,0.7222222222222222,0.6842105263157895,18,0.0,0.0,0.0,4,0.7666666666666667,0.8214285714285714,0.793103448275862,28,0.0,0.0,0.0,0,0.3541666666666667,0.3859126984126984,0.36932849364791287,50,0.6633333333333334,0.72,0.690453720508167,50,58395396,58367536,14591884
multiemo_en_Nhotels_text-run-1,multiemo_en_hotels_text,TinyBERT_6L_768D,data/multiemo2,data/models/bert-base-uncased/multiemo_en_Nhotels_text,data/models/TMP_TinyBERT_6L_768D/multiemo_en_Nhotels_text-run-1,multiemo_en_Nhotels_text,data/models/TinyBERT_6L_768D/multiemo_en_Nhotels_text-run-1,,256,False,True,8,16,5e-05,0.01,4.0,0.0,False,1,False,50,True,,1.0,891.575043,0.7367088607594937,1.832749,0.47619047619047616,0.23255813953488372,0.3125,86,0.8146067415730337,0.8682634730538922,0.8405797101449275,167,0.6713286713286714,0.96,0.7901234567901235,100,0.9375,0.7142857142857143,0.8108108108108109,42,0.7249064722730453,0.6937768317186226,0.6885034944364655,395,0.7177204403239107,0.7367088607594937,0.7096663577905552,395,270236395,270194704,67548676
multiemo_en_Nhotels_text-run-2,multiemo_en_hotels_text,TinyBERT_6L_768D,data/multiemo2,data/models/bert-base-uncased/multiemo_en_Nhotels_text,data/models/TMP_TinyBERT_6L_768D/multiemo_en_Nhotels_text-run-2,multiemo_en_Nhotels_text,data/models/TinyBERT_6L_768D/multiemo_en_Nhotels_text-run-2,,256,False,True,8,16,5e-05,0.01,4.0,0.0,False,1,False,50,True,,1.0,904.101255,0.7443037974683544,1.867351,0.45454545454545453,0.3488372093023256,0.39473684210526316,86,0.8103448275862069,0.844311377245509,0.8269794721407624,167,0.75,0.93,0.8303571428571428,100,0.967741935483871,0.7142857142857143,0.821917808219178,42,0.7456580544038831,0.7093585752083873,0.7184978163305866,395,0.7343383711091853,0.7443037974683544,0.7331878544290625,395,270236395,270194704,67548676
multiemo_en_Nhotels_text-run-3,multiemo_en_hotels_text,TinyBERT_6L_768D,data/multiemo2,data/models/bert-base-uncased/multiemo_en_Nhotels_text,data/models/TMP_TinyBERT_6L_768D/multiemo_en_Nhotels_text-run-3,multiemo_en_Nhotels_text,data/models/TinyBERT_6L_768D/multiemo_en_Nhotels_text-run-3,,256,False,True,8,16,5e-05,0.01,4.0,0.0,False,1,False,50,True,,1.0,893.141208,0.7367088607594937,1.835123,0.4838709677419355,0.3488372093023256,0.4054054054054055,86,0.7880434782608695,0.8682634730538922,0.8262108262108262,167,0.7421875,0.95,0.8333333333333334,100,1.0,0.5,0.6666666666666666,42,0.7535254865007013,0.6667751705890544,0.682904057904058,395,0.7327466179629664,0.7367088607594937,0.719431408039003,395,270236395,270194704,67548676
multiemo_en_Nhotels_text-run-4,multiemo_en_hotels_text,TinyBERT_6L_768D,data/multiemo2,data/models/bert-base-uncased/multiemo_en_Nhotels_text,data/models/TMP_TinyBERT_6L_768D/multiemo_en_Nhotels_text-run-4,multiemo_en_Nhotels_text,data/models/TinyBERT_6L_768D/multiemo_en_Nhotels_text-run-4,,256,False,True,8,16,5e-05,0.01,4.0,0.0,False,1,False,50,True,,1.0,891.793701,0.7443037974683544,1.832703,0.6585365853658537,0.313953488372093,0.42519685039370075,86,0.7900552486187845,0.8562874251497006,0.82183908045977,167,0.6666666666666666,0.98,0.7935222672064778,100,1.0,0.6190476190476191,0.7647058823529412,42,0.7788146251628262,0.6923221331423531,0.7013160201032225,395,0.7525064291834609,0.7443037974683544,0.7222377958230662,395,270236395,270194704,67548676
multiemo_en_Nhotels_text-run-5,multiemo_en_hotels_text,TinyBERT_6L_768D,data/multiemo2,data/models/bert-base-uncased/multiemo_en_Nhotels_text,data/models/TMP_TinyBERT_6L_768D/multiemo_en_Nhotels_text-run-5,multiemo_en_Nhotels_text,data/models/TinyBERT_6L_768D/multiemo_en_Nhotels_text-run-5,,256,False,True,8,16,5e-05,0.01,4.0,0.0,False,1,False,50,True,,1.0,899.198401,0.7645569620253164,1.825973,0.5714285714285714,0.37209302325581395,0.45070422535211263,86,0.8011049723756906,0.8682634730538922,0.8333333333333333,167,0.7401574803149606,0.94,0.8281938325991189,100,1.0,0.7380952380952381,0.8493150684931507,42,0.7781727560298056,0.729612933601236,0.7403866149444289,395,0.7568180647116292,0.7645569620253164,0.7504249270470192,395,270236395,270194704,67548676
multiemo_en_Nmedicine_text-run-1,multiemo_en_medicine_text,TinyBERT_6L_768D,data/multiemo2,data/models/bert-base-uncased/multiemo_en_Nmedicine_text,data/models/TMP_TinyBERT_6L_768D/multiemo_en_Nmedicine_text-run-1,multiemo_en_Nmedicine_text,data/models/TinyBERT_6L_768D/multiemo_en_Nmedicine_text-run-1,,256,False,True,8,16,5e-05,0.01,4.0,0.0,False,1,False,50,True,,1.0,1058.132748,0.40672782874617736,1.576032,0.0,0.0,0.0,22,0.40672782874617736,1.0,0.5782608695652174,133,0.0,0.0,0.0,97,0.0,0.0,0.0,75,0.10168195718654434,0.25,0.14456521739130435,327,0.16542752667657978,0.40672782874617736,0.23519478792713736,327,270236395,270194704,67548676
multiemo_en_Nmedicine_text-run-2,multiemo_en_medicine_text,TinyBERT_6L_768D,data/multiemo2,data/models/bert-base-uncased/multiemo_en_Nmedicine_text,data/models/TMP_TinyBERT_6L_768D/multiemo_en_Nmedicine_text-run-2,multiemo_en_Nmedicine_text,data/models/TinyBERT_6L_768D/multiemo_en_Nmedicine_text-run-2,,256,False,True,8,16,5e-05,0.01,4.0,0.0,False,1,False,50,True,,1.0,1037.3484899999999,0.7828746177370031,1.596856,0.23333333333333334,0.6363636363636364,0.34146341463414637,22,0.8307692307692308,0.8120300751879699,0.8212927756653993,133,0.961038961038961,0.7628865979381443,0.8505747126436781,97,1.0,0.8,0.888888888888889,75,0.7562853812853813,0.7528200773724376,0.7255549479580281,327,0.8680318661970039,0.7828746177370031,0.8132004528396108,327,270236395,270194704,67548676
multiemo_en_Nmedicine_text-run-3,multiemo_en_medicine_text,TinyBERT_6L_768D,data/multiemo2,data/models/bert-base-uncased/multiemo_en_Nmedicine_text,data/models/TMP_TinyBERT_6L_768D/multiemo_en_Nmedicine_text-run-3,multiemo_en_Nmedicine_text,data/models/TinyBERT_6L_768D/multiemo_en_Nmedicine_text-run-3,,256,False,True,8,16,5e-05,0.01,4.0,0.0,False,1,False,50,True,,1.0,1041.486145,0.764525993883792,1.572258,0.25806451612903225,0.7272727272727273,0.38095238095238093,22,0.8111888111888111,0.8721804511278195,0.8405797101449276,133,0.9402985074626866,0.6494845360824743,0.7682926829268293,97,1.0,0.7333333333333333,0.846153846153846,75,0.7523879586951325,0.7455677619540886,0.708994655044496,327,0.8555794693175266,0.764525993883792,0.7894923013323201,327,270236395,270194704,67548676
multiemo_en_Nmedicine_text-run-4,multiemo_en_medicine_text,TinyBERT_6L_768D,data/multiemo2,data/models/bert-base-uncased/multiemo_en_Nmedicine_text,data/models/TMP_TinyBERT_6L_768D/multiemo_en_Nmedicine_text-run-4,multiemo_en_Nmedicine_text,data/models/TinyBERT_6L_768D/multiemo_en_Nmedicine_text-run-4,,256,False,True,8,16,5e-05,0.01,4.0,0.0,False,1,False,50,True,,1.0,1039.2804,0.7706422018348624,1.581585,0.22950819672131148,0.6363636363636364,0.3373493975903614,22,0.8226950354609929,0.8721804511278195,0.8467153284671532,133,0.9538461538461539,0.6391752577319587,0.765432098765432,97,1.0,0.8,0.888888888888889,75,0.7515123465071145,0.7369298363058536,0.7095964284279589,327,0.862356871459504,0.7706422018348624,0.7980073568196725,327,270236395,270194704,67548676
multiemo_en_Nmedicine_text-run-5,multiemo_en_medicine_text,TinyBERT_6L_768D,data/multiemo2,data/models/bert-base-uncased/multiemo_en_Nmedicine_text,data/models/TMP_TinyBERT_6L_768D/multiemo_en_Nmedicine_text-run-5,multiemo_en_Nmedicine_text,data/models/TinyBERT_6L_768D/multiemo_en_Nmedicine_text-run-5,,256,False,True,8,16,5e-05,0.01,4.0,0.0,False,1,False,50,True,,1.0,1042.444898,0.7370030581039755,1.587784,0.18181818181818182,0.5454545454545454,0.2727272727272727,22,0.8214285714285714,0.8646616541353384,0.8424908424908425,133,0.9298245614035088,0.5463917525773195,0.6883116883116882,97,0.953125,0.8133333333333334,0.8776978417266187,75,0.7215490786625656,0.6924603213751341,0.6703069113141055,327,0.8407564448200012,0.7370030581039755,0.7664980243027897,327,270236395,270194704,67548676
multiemo_en_Nproducts_text-run-1,multiemo_en_products_text,TinyBERT_6L_768D,data/multiemo2,data/models/bert-base-uncased/multiemo_en_Nproducts_text,data/models/TMP_TinyBERT_6L_768D/multiemo_en_Nproducts_text-run-1,multiemo_en_Nproducts_text,data/models/TinyBERT_6L_768D/multiemo_en_Nproducts_text-run-1,,256,False,True,8,16,5e-05,0.01,4.0,0.0,False,1,False,50,True,,1.0,1628.8913459999999,0.7083333333333334,0.270219,0.4666666666666667,0.7,0.56,10,0.9230769230769231,0.6857142857142857,0.7868852459016394,35,1.0,1.0,1.0,2,0.2,1.0,0.33333333333333337,1,0.6474358974358975,0.8464285714285714,0.6700546448087432,48,0.8161324786324786,0.7083333333333334,0.7390482695810565,48,270236395,270194704,67548676
multiemo_en_Nproducts_text-run-2,multiemo_en_products_text,TinyBERT_6L_768D,data/multiemo2,data/models/bert-base-uncased/multiemo_en_Nproducts_text,data/models/TMP_TinyBERT_6L_768D/multiemo_en_Nproducts_text-run-2,multiemo_en_Nproducts_text,data/models/TinyBERT_6L_768D/multiemo_en_Nproducts_text-run-2,,256,False,True,8,16,5e-05,0.01,4.0,0.0,False,1,False,50,True,,1.0,1612.687993,0.75,0.246159,0.5833333333333334,0.7,0.6363636363636365,10,0.9642857142857143,0.7714285714285715,0.8571428571428572,35,0.4,1.0,0.5714285714285715,2,0.0,0.0,0.0,1,0.48690476190476195,0.6178571428571429,0.5162337662337663,48,0.8413194444444444,0.75,0.7813852813852815,48,270236395,270194704,67548676
multiemo_en_Nproducts_text-run-3,multiemo_en_products_text,TinyBERT_6L_768D,data/multiemo2,data/models/bert-base-uncased/multiemo_en_Nproducts_text,data/models/TMP_TinyBERT_6L_768D/multiemo_en_Nproducts_text-run-3,multiemo_en_Nproducts_text,data/models/TinyBERT_6L_768D/multiemo_en_Nproducts_text-run-3,,256,False,True,8,16,5e-05,0.01,4.0,0.0,False,1,False,50,True,,1.0,1652.673129,0.625,0.287402,0.36363636363636365,0.4,0.380952380952381,10,0.96,0.6857142857142857,0.7999999999999999,35,0.6666666666666666,1.0,0.8,2,0.0,0.0,0.0,1,0.49757575757575756,0.5214285714285715,0.49523809523809526,48,0.8035353535353535,0.625,0.6960317460317459,48,270236395,270194704,67548676
multiemo_en_Nproducts_text-run-4,multiemo_en_products_text,TinyBERT_6L_768D,data/multiemo2,data/models/bert-base-uncased/multiemo_en_Nproducts_text,data/models/TMP_TinyBERT_6L_768D/multiemo_en_Nproducts_text-run-4,multiemo_en_Nproducts_text,data/models/TinyBERT_6L_768D/multiemo_en_Nproducts_text-run-4,,256,False,True,8,16,5e-05,0.01,4.0,0.0,False,1,False,50,True,,1.0,1629.34251,0.6041666666666666,0.282178,0.4,0.4,0.4000000000000001,10,0.9615384615384616,0.7142857142857143,0.819672131147541,35,0.0,0.0,0.0,2,0.0,0.0,0.0,1,0.3403846153846154,0.2785714285714286,0.3049180327868853,48,0.7844551282051282,0.6041666666666666,0.6810109289617486,48,270236395,270194704,67548676
multiemo_en_Nproducts_text-run-5,multiemo_en_products_text,TinyBERT_6L_768D,data/multiemo2,data/models/bert-base-uncased/multiemo_en_Nproducts_text,data/models/TMP_TinyBERT_6L_768D/multiemo_en_Nproducts_text-run-5,multiemo_en_Nproducts_text,data/models/TinyBERT_6L_768D/multiemo_en_Nproducts_text-run-5,,256,False,True,8,16,5e-05,0.01,4.0,0.0,False,1,False,50,True,,1.0,1620.812751,0.7083333333333334,0.28292,0.5,0.6,0.5454545454545454,10,0.9615384615384616,0.7142857142857143,0.819672131147541,35,1.0,1.0,1.0,2,0.125,1.0,0.2222222222222222,1,0.6466346153846154,0.8285714285714285,0.6468372247060772,48,0.8495592948717948,0.7083333333333334,0.7576102555610752,48,270236395,270194704,67548676
multiemo_en_Nreviews_text-run-1,multiemo_en_reviews_text,TinyBERT_6L_768D,data/multiemo2,data/models/bert-base-uncased/multiemo_en_Nreviews_text,data/models/TMP_TinyBERT_6L_768D/multiemo_en_Nreviews_text-run-1,multiemo_en_Nreviews_text,data/models/TinyBERT_6L_768D/multiemo_en_Nreviews_text-run-1,,256,False,True,8,16,5e-05,0.01,4.0,0.0,False,1,False,50,True,,1.0,1674.083322,0.72,0.205309,0.8333333333333334,0.5555555555555556,0.6666666666666667,18,0.5,1.0,0.6666666666666666,4,0.8148148148148148,0.7857142857142857,0.7999999999999999,28,0.0,0.0,0.0,0,0.5370370370370371,0.5853174603174603,0.5333333333333333,50,0.7962962962962962,0.72,0.7413333333333333,50,270236395,270194704,67548676
multiemo_en_Nreviews_text-run-2,multiemo_en_reviews_text,TinyBERT_6L_768D,data/multiemo2,data/models/bert-base-uncased/multiemo_en_Nreviews_text,data/models/TMP_TinyBERT_6L_768D/multiemo_en_Nreviews_text-run-2,multiemo_en_Nreviews_text,data/models/TinyBERT_6L_768D/multiemo_en_Nreviews_text-run-2,,256,False,True,8,16,5e-05,0.01,4.0,0.0,False,1,False,50,True,,1.0,1633.764272,0.48,0.261349,0.16666666666666666,0.05555555555555555,0.08333333333333333,18,0.14285714285714285,0.25,0.18181818181818182,4,0.6666666666666666,0.7857142857142857,0.721311475409836,28,0.0,0.0,0.0,0,0.24404761904761904,0.27281746031746035,0.24661574764033778,50,0.4447619047619047,0.48,0.4484798807749627,50,270236395,270194704,67548676
multiemo_en_Nreviews_text-run-3,multiemo_en_reviews_text,TinyBERT_6L_768D,data/multiemo2,data/models/bert-base-uncased/multiemo_en_Nreviews_text,data/models/TMP_TinyBERT_6L_768D/multiemo_en_Nreviews_text-run-3,multiemo_en_Nreviews_text,data/models/TinyBERT_6L_768D/multiemo_en_Nreviews_text-run-3,,256,False,True,8,16,5e-05,0.01,4.0,0.0,False,1,False,50,True,,1.0,1631.487073,0.7,0.291316,0.7857142857142857,0.6111111111111112,0.6875000000000001,18,0.5,0.75,0.6,4,0.875,0.75,0.8076923076923077,28,0.0,0.0,0.0,0,0.5401785714285714,0.5277777777777778,0.523798076923077,50,0.8128571428571427,0.7,0.7478076923076924,50,270236395,270194704,67548676
multiemo_en_Nreviews_text-run-4,multiemo_en_reviews_text,TinyBERT_6L_768D,data/multiemo2,data/models/bert-base-uncased/multiemo_en_Nreviews_text,data/models/TMP_TinyBERT_6L_768D/multiemo_en_Nreviews_text-run-4,multiemo_en_Nreviews_text,data/models/TinyBERT_6L_768D/multiemo_en_Nreviews_text-run-4,,256,False,True,8,16,5e-05,0.01,4.0,0.0,False,1,False,50,True,,1.0,1648.523063,0.54,0.317368,0.6,0.3333333333333333,0.42857142857142855,18,0.2857142857142857,0.5,0.36363636363636365,4,0.7916666666666666,0.6785714285714286,0.7307692307692307,28,0.0,0.0,0.0,0,0.41934523809523805,0.37797619047619047,0.38074425574425574,50,0.6821904761904761,0.54,0.5926073926073926,50,270236395,270194704,67548676
multiemo_en_Nreviews_text-run-5,multiemo_en_reviews_text,TinyBERT_6L_768D,data/multiemo2,data/models/bert-base-uncased/multiemo_en_Nreviews_text,data/models/TMP_TinyBERT_6L_768D/multiemo_en_Nreviews_text-run-5,multiemo_en_Nreviews_text,data/models/TinyBERT_6L_768D/multiemo_en_Nreviews_text-run-5,,256,False,True,8,16,5e-05,0.01,4.0,0.0,False,1,False,50,True,,1.0,1627.401484,0.66,0.23635,0.6428571428571429,0.5,0.5625000000000001,18,0.375,0.75,0.5,4,0.84,0.75,0.7924528301886793,28,0.0,0.0,0.0,0,0.46446428571428566,0.5,0.4637382075471698,50,0.7318285714285715,0.66,0.6862735849056604,50,270236395,270194704,67548676
multiemo_en_hotels_text-run-1,multiemo_en_hotels_text,TinyBERT_6L_768D,data/multiemo2,data/models/bert-base-uncased/multiemo_en_hotels_text,data/models/TMP_TinyBERT_6L_768D/multiemo_en_hotels_text-run-1,multiemo_en_hotels_text,data/models/TinyBERT_6L_768D/multiemo_en_hotels_text-run-1,,256,False,True,8,16,5e-05,0.01,4.0,0.0,False,1,False,50,True,,1.0,854.259352,0.8430379746835444,1.841974,0.676056338028169,0.5581395348837209,0.6114649681528661,86,0.8651685393258427,0.9221556886227545,0.8927536231884058,167,0.8571428571428571,0.9,0.8780487804878048,100,1.0,0.9761904761904762,0.9879518072289156,42,0.8495919336242173,0.8391214249242379,0.842554794764498,395,0.8362994350686682,0.8430379746835444,0.8379106235088739,395,270236395,270194704,67548676
multiemo_en_hotels_text-run-2,multiemo_en_hotels_text,TinyBERT_6L_768D,data/multiemo2,data/models/bert-base-uncased/multiemo_en_hotels_text,data/models/TMP_TinyBERT_6L_768D/multiemo_en_hotels_text-run-2,multiemo_en_hotels_text,data/models/TinyBERT_6L_768D/multiemo_en_hotels_text-run-2,,256,False,True,8,16,5e-05,0.01,4.0,0.0,False,1,False,50,True,,1.0,846.5930269999999,0.8556962025316456,1.834515,0.7027027027027027,0.6046511627906976,0.6499999999999999,86,0.8901734104046243,0.9221556886227545,0.9058823529411765,167,0.8504672897196262,0.91,0.8792270531400966,100,1.0,0.9761904761904762,0.9879518072289156,42,0.8608358507067383,0.8532493319009822,0.8557653033275471,395,0.8509825846632082,0.8556962025316456,0.8521494535665838,395,270236395,270194704,67548676
multiemo_en_hotels_text-run-3,multiemo_en_hotels_text,TinyBERT_6L_768D,data/multiemo2,data/models/bert-base-uncased/multiemo_en_hotels_text,data/models/TMP_TinyBERT_6L_768D/multiemo_en_hotels_text-run-3,multiemo_en_hotels_text,data/models/TinyBERT_6L_768D/multiemo_en_hotels_text-run-3,,256,False,True,8,16,5e-05,0.01,4.0,0.0,False,1,False,50,True,,1.0,844.801151,0.8405063291139241,1.830243,0.6712328767123288,0.5697674418604651,0.6163522012578616,86,0.8532608695652174,0.9401197604790419,0.8945868945868946,167,0.8787878787878788,0.87,0.8743718592964824,100,1.0,0.9285714285714286,0.962962962962963,42,0.8508204062663562,0.827114657727734,0.8370684795260503,395,0.8356946341606063,0.8405063291139241,0.8361618508310891,395,270236395,270194704,67548676
multiemo_en_hotels_text-run-4,multiemo_en_hotels_text,TinyBERT_6L_768D,data/multiemo2,data/models/bert-base-uncased/multiemo_en_hotels_text,data/models/TMP_TinyBERT_6L_768D/multiemo_en_hotels_text-run-4,multiemo_en_hotels_text,data/models/TinyBERT_6L_768D/multiemo_en_hotels_text-run-4,,256,False,True,8,16,5e-05,0.01,4.0,0.0,False,1,False,50,True,,1.0,843.641337,0.8329113924050633,1.838112,0.6363636363636364,0.5697674418604651,0.6012269938650306,86,0.8670520231213873,0.8982035928143712,0.8823529411764706,167,0.8584905660377359,0.91,0.883495145631068,100,1.0,0.9285714285714286,0.962962962962963,42,0.8404765563806899,0.8266356158115662,0.8325095109088831,395,0.8287949802337164,0.8329113924050633,0.8300061307757327,395,270236395,270194704,67548676
multiemo_en_hotels_text-run-5,multiemo_en_hotels_text,TinyBERT_6L_768D,data/multiemo2,data/models/bert-base-uncased/multiemo_en_hotels_text,data/models/TMP_TinyBERT_6L_768D/multiemo_en_hotels_text-run-5,multiemo_en_hotels_text,data/models/TinyBERT_6L_768D/multiemo_en_hotels_text-run-5,,256,False,True,8,16,5e-05,0.01,4.0,0.0,False,1,False,50,True,,1.0,842.849922,0.8582278481012658,1.897225,0.7066666666666667,0.6162790697674418,0.6583850931677019,86,0.884393063583815,0.9161676646706587,0.9,167,0.8679245283018868,0.92,0.8932038834951457,100,1.0,0.9761904761904762,0.9879518072289156,42,0.8647460646380921,0.8571593026571442,0.8598851959729408,395,0.8538213361570105,0.8582278481012658,0.8550265373811428,395,270236395,270194704,67548676
multiemo_en_medicine_text-run-1,multiemo_en_medicine_text,TinyBERT_6L_768D,data/multiemo2,data/models/bert-base-uncased/multiemo_en_medicine_text,data/models/TMP_TinyBERT_6L_768D/multiemo_en_medicine_text-run-1,multiemo_en_medicine_text,data/models/TinyBERT_6L_768D/multiemo_en_medicine_text-run-1,,256,False,True,8,16,5e-05,0.01,4.0,0.0,False,1,False,50,True,,1.0,698.952278,0.5076452599388379,1.573126,0.0,0.0,0.0,22,0.0,0.0,0.0,133,0.375968992248062,1.0,0.5464788732394367,97,1.0,0.92,0.9583333333333334,75,0.3439922480620155,0.48,0.3762030516431925,327,0.3408837683426973,0.5076452599388379,0.38190657707714176,327,270236395,270194704,67548676
multiemo_en_medicine_text-run-2,multiemo_en_medicine_text,TinyBERT_6L_768D,data/multiemo2,data/models/bert-base-uncased/multiemo_en_medicine_text,data/models/TMP_TinyBERT_6L_768D/multiemo_en_medicine_text-run-2,multiemo_en_medicine_text,data/models/TinyBERT_6L_768D/multiemo_en_medicine_text-run-2,,256,False,True,8,16,5e-05,0.01,4.0,0.0,False,1,False,50,True,,1.0,693.338656,0.8837920489296636,1.586399,0.37142857142857144,0.5909090909090909,0.456140350877193,22,0.95,0.8571428571428571,0.9011857707509882,133,0.900990099009901,0.9381443298969072,0.9191919191919191,97,1.0,0.9466666666666667,0.9726027397260273,75,0.8056046676096181,0.8332157361538804,0.8122801951365319,327,0.9080044898329939,0.8837920489296636,0.892965189205651,327,270236395,270194704,67548676
multiemo_en_medicine_text-run-3,multiemo_en_medicine_text,TinyBERT_6L_768D,data/multiemo2,data/models/bert-base-uncased/multiemo_en_medicine_text,data/models/TMP_TinyBERT_6L_768D/multiemo_en_medicine_text-run-3,multiemo_en_medicine_text,data/models/TinyBERT_6L_768D/multiemo_en_medicine_text-run-3,,256,False,True,8,16,5e-05,0.01,4.0,0.0,False,1,False,50,True,,1.0,705.771344,0.8532110091743119,1.580339,0.34375,0.5,0.4074074074074074,22,0.9105691056910569,0.8421052631578947,0.8749999999999999,133,0.8431372549019608,0.8865979381443299,0.864321608040201,97,1.0,0.9333333333333333,0.9655172413793104,75,0.7743640901482545,0.7905091336588894,0.7780615642067297,327,0.8729434397015313,0.8532110091743119,0.8611344099275556,327,270236395,270194704,67548676
multiemo_en_medicine_text-run-4,multiemo_en_medicine_text,TinyBERT_6L_768D,data/multiemo2,data/models/bert-base-uncased/multiemo_en_medicine_text,data/models/TMP_TinyBERT_6L_768D/multiemo_en_medicine_text-run-4,multiemo_en_medicine_text,data/models/TinyBERT_6L_768D/multiemo_en_medicine_text-run-4,,256,False,True,8,16,5e-05,0.01,4.0,0.0,False,1,False,50,True,,1.0,689.770698,0.8532110091743119,1.575196,0.28,0.3181818181818182,0.29787234042553196,22,0.8923076923076924,0.8721804511278195,0.8821292775665398,133,0.8431372549019608,0.8865979381443299,0.864321608040201,97,1.0,0.9333333333333333,0.9655172413793104,75,0.7538612368024133,0.7525733851968253,0.7524601168528958,327,0.861227023860591,0.8532110091743119,0.8566647537891721,327,270236395,270194704,67548676
multiemo_en_medicine_text-run-5,multiemo_en_medicine_text,TinyBERT_6L_768D,data/multiemo2,data/models/bert-base-uncased/multiemo_en_medicine_text,data/models/TMP_TinyBERT_6L_768D/multiemo_en_medicine_text-run-5,multiemo_en_medicine_text,data/models/TinyBERT_6L_768D/multiemo_en_medicine_text-run-5,,256,False,True,8,16,5e-05,0.01,4.0,0.0,False,1,False,50,True,,1.0,698.283947,0.8562691131498471,1.590348,0.37142857142857144,0.5909090909090909,0.456140350877193,22,0.9310344827586207,0.8120300751879699,0.8674698795180722,133,0.8380952380952381,0.9072164948453608,0.8712871287128713,97,1.0,0.9466666666666667,0.9726027397260273,75,0.7851395730706076,0.8142055819022721,0.791875024708541,327,0.8816338008365847,0.8562691131498471,0.8650417084397627,327,270236395,270194704,67548676
multiemo_en_products_text-run-1,multiemo_en_products_text,TinyBERT_6L_768D,data/multiemo2,data/models/bert-base-uncased/multiemo_en_products_text,data/models/TMP_TinyBERT_6L_768D/multiemo_en_products_text-run-1,multiemo_en_products_text,data/models/TinyBERT_6L_768D/multiemo_en_products_text-run-1,,256,False,True,8,16,5e-05,0.01,4.0,0.0,False,1,False,50,True,,1.0,113.159778,0.7291666666666666,0.300365,0.0,0.0,0.0,10,0.7291666666666666,1.0,0.8433734939759037,35,0.0,0.0,0.0,2,0.0,0.0,0.0,1,0.18229166666666666,0.25,0.21084337349397592,48,0.5316840277777778,0.7291666666666666,0.6149598393574297,48,270236395,270194704,67548676
multiemo_en_products_text-run-2,multiemo_en_products_text,TinyBERT_6L_768D,data/multiemo2,data/models/bert-base-uncased/multiemo_en_products_text,data/models/TMP_TinyBERT_6L_768D/multiemo_en_products_text-run-2,multiemo_en_products_text,data/models/TinyBERT_6L_768D/multiemo_en_products_text-run-2,,256,False,True,8,16,5e-05,0.01,4.0,0.0,False,1,False,50,True,,1.0,111.92853,0.7916666666666666,0.269567,0.5555555555555556,1.0,0.7142857142857143,10,0.9333333333333333,0.8,0.8615384615384616,35,0.0,0.0,0.0,2,0.0,0.0,0.0,1,0.37222222222222223,0.45,0.393956043956044,48,0.7962962962962963,0.7916666666666666,0.777014652014652,48,270236395,270194704,67548676
multiemo_en_products_text-run-3,multiemo_en_products_text,TinyBERT_6L_768D,data/multiemo2,data/models/bert-base-uncased/multiemo_en_products_text,data/models/TMP_TinyBERT_6L_768D/multiemo_en_products_text-run-3,multiemo_en_products_text,data/models/TinyBERT_6L_768D/multiemo_en_products_text-run-3,,256,False,True,8,16,5e-05,0.01,4.0,0.0,False,1,False,50,True,,1.0,112.609801,0.75,0.270872,0.5,0.8,0.6153846153846154,10,0.875,0.8,0.8358208955223881,35,0.0,0.0,0.0,2,0.0,0.0,0.0,1,0.34375,0.4,0.3628013777267509,48,0.7421875,0.75,0.7376578645235363,48,270236395,270194704,67548676
multiemo_en_products_text-run-4,multiemo_en_products_text,TinyBERT_6L_768D,data/multiemo2,data/models/bert-base-uncased/multiemo_en_products_text,data/models/TMP_TinyBERT_6L_768D/multiemo_en_products_text-run-4,multiemo_en_products_text,data/models/TinyBERT_6L_768D/multiemo_en_products_text-run-4,,256,False,True,8,16,5e-05,0.01,4.0,0.0,False,1,False,50,True,,1.0,113.82114899999999,0.7916666666666666,0.272919,0.5,1.0,0.6666666666666666,10,1.0,0.8,0.888888888888889,35,0.0,0.0,0.0,2,0.0,0.0,0.0,1,0.375,0.45,0.3888888888888889,48,0.8333333333333334,0.7916666666666666,0.7870370370370371,48,270236395,270194704,67548676
multiemo_en_products_text-run-5,multiemo_en_products_text,TinyBERT_6L_768D,data/multiemo2,data/models/bert-base-uncased/multiemo_en_products_text,data/models/TMP_TinyBERT_6L_768D/multiemo_en_products_text-run-5,multiemo_en_products_text,data/models/TinyBERT_6L_768D/multiemo_en_products_text-run-5,,256,False,True,8,16,5e-05,0.01,4.0,0.0,False,1,False,50,True,,1.0,113.644695,0.7083333333333334,0.264059,0.4166666666666667,1.0,0.5882352941176471,10,1.0,0.6857142857142857,0.8135593220338984,35,0.0,0.0,0.0,2,0.0,0.0,0.0,1,0.3541666666666667,0.42142857142857143,0.3504486540378864,48,0.8159722222222222,0.7083333333333334,0.7157693585908941,48,270236395,270194704,67548676
multiemo_en_reviews_text-run-1,multiemo_en_reviews_text,TinyBERT_6L_768D,data/multiemo2,data/models/bert-base-uncased/multiemo_en_reviews_text,data/models/TMP_TinyBERT_6L_768D/multiemo_en_reviews_text-run-1,multiemo_en_reviews_text,data/models/TinyBERT_6L_768D/multiemo_en_reviews_text-run-1,,256,False,True,8,16,5e-05,0.01,4.0,0.0,False,1,False,50,True,,1.0,105.19733099999999,0.56,0.266881,0.0,0.0,0.0,18,0.0,0.0,0.0,4,0.56,1.0,0.717948717948718,28,0.0,0.0,0.0,0,0.14,0.25,0.1794871794871795,50,0.31360000000000005,0.56,0.40205128205128204,50,270236395,270194704,67548676
multiemo_en_reviews_text-run-2,multiemo_en_reviews_text,TinyBERT_6L_768D,data/multiemo2,data/models/bert-base-uncased/multiemo_en_reviews_text,data/models/TMP_TinyBERT_6L_768D/multiemo_en_reviews_text-run-2,multiemo_en_reviews_text,data/models/TinyBERT_6L_768D/multiemo_en_reviews_text-run-2,,256,False,True,8,16,5e-05,0.01,4.0,0.0,False,1,False,50,True,,1.0,103.468174,0.7,0.301034,0.6111111111111112,0.6111111111111112,0.6111111111111112,18,0.0,0.0,0.0,4,0.75,0.8571428571428571,0.7999999999999999,28,0.0,0.0,0.0,0,0.3402777777777778,0.3670634920634921,0.35277777777777775,50,0.64,0.7,0.6679999999999999,50,270236395,270194704,67548676
multiemo_en_reviews_text-run-3,multiemo_en_reviews_text,TinyBERT_6L_768D,data/multiemo2,data/models/bert-base-uncased/multiemo_en_reviews_text,data/models/TMP_TinyBERT_6L_768D/multiemo_en_reviews_text-run-3,multiemo_en_reviews_text,data/models/TinyBERT_6L_768D/multiemo_en_reviews_text-run-3,,256,False,True,8,16,5e-05,0.01,4.0,0.0,False,1,False,50,True,,1.0,104.23981599999999,0.74,0.255961,0.65,0.7222222222222222,0.6842105263157895,18,0.0,0.0,0.0,4,0.8,0.8571428571428571,0.8275862068965518,28,0.0,0.0,0.0,0,0.36250000000000004,0.3948412698412698,0.37794918330308536,50,0.682,0.74,0.7097640653357533,50,270236395,270194704,67548676
multiemo_en_reviews_text-run-4,multiemo_en_reviews_text,TinyBERT_6L_768D,data/multiemo2,data/models/bert-base-uncased/multiemo_en_reviews_text,data/models/TMP_TinyBERT_6L_768D/multiemo_en_reviews_text-run-4,multiemo_en_reviews_text,data/models/TinyBERT_6L_768D/multiemo_en_reviews_text-run-4,,256,False,True,8,16,5e-05,0.01,4.0,0.0,False,1,False,50,True,,1.0,104.222381,0.68,0.287074,0.5555555555555556,0.5555555555555556,0.5555555555555556,18,0.0,0.0,0.0,4,0.75,0.8571428571428571,0.7999999999999999,28,0.0,0.0,0.0,0,0.3263888888888889,0.35317460317460314,0.3388888888888889,50,0.62,0.68,0.648,50,270236395,270194704,67548676
multiemo_en_reviews_text-run-5,multiemo_en_reviews_text,TinyBERT_6L_768D,data/multiemo2,data/models/bert-base-uncased/multiemo_en_reviews_text,data/models/TMP_TinyBERT_6L_768D/multiemo_en_reviews_text-run-5,multiemo_en_reviews_text,data/models/TinyBERT_6L_768D/multiemo_en_reviews_text-run-5,,256,False,True,8,16,5e-05,0.01,4.0,0.0,False,1,False,50,True,,1.0,104.197716,0.72,0.249178,0.6666666666666666,0.5555555555555556,0.606060606060606,18,0.0,0.0,0.0,4,0.7428571428571429,0.9285714285714286,0.8253968253968255,28,0.0,0.0,0.0,0,0.35238095238095235,0.37103174603174605,0.3578643578643579,50,0.6559999999999999,0.72,0.6804040404040405,50,270236395,270194704,67548676
