name,eval_task_name,model_name,data_dir,teacher_model,student_model,task_name,output_dir,cache_dir,max_seq_length,do_eval,do_lower_case,train_batch_size,eval_batch_size,learning_rate,weight_decay,num_train_epochs,warmup_proportion,no_cuda,gradient_accumulation_steps,aug_train,eval_step,pred_distill,data_url,temperature,training_time,accuracy,eval_time,z_amb_precision,z_amb_recall,z_amb_f1-score,z_amb_support,z_minus_m_precision,z_minus_m_recall,z_minus_m_f1-score,z_minus_m_support,z_plus_m_precision,z_plus_m_recall,z_plus_m_f1-score,z_plus_m_support,z_zero_precision,z_zero_recall,z_zero_f1-score,z_zero_support,macro avg_precision,macro avg_recall,macro avg_f1-score,macro avg_support,weighted avg_precision,weighted avg_recall,weighted avg_f1-score,weighted avg_support,model_size,memory,parameters
multiemo_en_Nhotels_sentence-run-1,multiemo_en_hotels_sentence,TinyBERT_4L_312D,data/multiemo2,data/models/bert-base-uncased/multiemo_en_Nhotels_sentence,data/models/TMP_TinyBERT_4L_312D/multiemo_en_Nhotels_sentence-run-1,multiemo_en_Nhotels_sentence,data/models/TinyBERT_4L_312D/multiemo_en_Nhotels_sentence-run-1,,128,False,True,16,16,5e-05,0.01,4.0,0.0,False,1,False,50,True,,1.0,1341.504555,0.717102615694165,0.886504,0.6470588235294118,0.34494773519163763,0.45,287,0.7697247706422018,0.8121974830590513,0.7903909561940651,1033,0.7179161372299873,0.7803867403314917,0.7478491065519524,724,0.6131868131868132,0.6326530612244898,0.6227678571428572,441,0.6869716361471035,0.6425462549516676,0.6527519799722187,2485,0.7126833957328899,0.717102615694165,0.7089365134374579,2485,58395396,58367536,14591884
multiemo_en_Nhotels_sentence-run-2,multiemo_en_hotels_sentence,TinyBERT_4L_312D,data/multiemo2,data/models/bert-base-uncased/multiemo_en_Nhotels_sentence,data/models/TMP_TinyBERT_4L_312D/multiemo_en_Nhotels_sentence-run-2,multiemo_en_Nhotels_sentence,data/models/TinyBERT_4L_312D/multiemo_en_Nhotels_sentence-run-2,,128,False,True,16,16,5e-05,0.01,4.0,0.0,False,1,False,50,True,,1.0,1322.939966,0.7158953722334004,0.977556,0.6510067114093959,0.33797909407665505,0.44495412844036697,287,0.7679057116953762,0.8199419167473379,0.7930711610486891,1033,0.7235984354628422,0.7665745856353591,0.7444668008048289,724,0.6008583690987125,0.6349206349206349,0.61742006615215,441,0.6858423069165818,0.6398540578449967,0.6499780391115088,2485,0.7118508387941449,0.7158953722334004,0.7075334234130686,2485,58395396,58367536,14591884
multiemo_en_Nhotels_sentence-run-3,multiemo_en_hotels_sentence,TinyBERT_4L_312D,data/multiemo2,data/models/bert-base-uncased/multiemo_en_Nhotels_sentence,data/models/TMP_TinyBERT_4L_312D/multiemo_en_Nhotels_sentence-run-3,multiemo_en_Nhotels_sentence,data/models/TinyBERT_4L_312D/multiemo_en_Nhotels_sentence-run-3,,128,False,True,16,16,5e-05,0.01,4.0,0.0,False,1,False,50,True,,1.0,1293.584395,0.716297786720322,0.879148,0.6226415094339622,0.34494773519163763,0.4439461883408072,287,0.7682481751824818,0.8151016456921588,0.7909816815406294,1033,0.7401055408970977,0.7748618784530387,0.757085020242915,724,0.5889830508474576,0.6303854875283447,0.6089813800657173,441,0.6799945690902498,0.641324186716295,0.6502485675475171,2485,0.7114190805651021,0.716297786720322,0.7087271534608184,2485,58395396,58367536,14591884
multiemo_en_Nhotels_sentence-run-4,multiemo_en_hotels_sentence,TinyBERT_4L_312D,data/multiemo2,data/models/bert-base-uncased/multiemo_en_Nhotels_sentence,data/models/TMP_TinyBERT_4L_312D/multiemo_en_Nhotels_sentence-run-4,multiemo_en_Nhotels_sentence,data/models/TinyBERT_4L_312D/multiemo_en_Nhotels_sentence-run-4,,128,False,True,16,16,5e-05,0.01,4.0,0.0,False,1,False,50,True,,1.0,1347.8408559999998,0.7126760563380282,1.018456,0.625,0.34843205574912894,0.447427293064877,287,0.7707182320441989,0.8102613746369797,0.7899952807928269,1033,0.7232947232947233,0.7762430939226519,0.748834110592938,724,0.5887445887445888,0.6167800453514739,0.602436323366556,441,0.6769393860208778,0.6379291424150586,0.6471732519542994,2485,0.7077781396391954,0.7126760563380282,0.7051537516469006,2485,58395396,58367536,14591884
multiemo_en_Nhotels_sentence-run-5,multiemo_en_hotels_sentence,TinyBERT_4L_312D,data/multiemo2,data/models/bert-base-uncased/multiemo_en_Nhotels_sentence,data/models/TMP_TinyBERT_4L_312D/multiemo_en_Nhotels_sentence-run-5,multiemo_en_Nhotels_sentence,data/models/TinyBERT_4L_312D/multiemo_en_Nhotels_sentence-run-5,,128,False,True,16,16,5e-05,0.01,4.0,0.0,False,1,False,50,True,,1.0,1377.652639,0.7259557344064387,1.006705,0.6545454545454545,0.37630662020905925,0.4778761061946903,287,0.7694394213381555,0.8238141335914811,0.7956989247311826,1033,0.7447643979057592,0.7859116022099447,0.7647849462365591,724,0.6133333333333333,0.6258503401360545,0.6195286195286195,441,0.6955206517806756,0.6529706740366348,0.6644721491727629,2485,0.7212776224469335,0.7259557344064387,0.7187218728420837,2485,58395396,58367536,14591884
multiemo_en_Nmedicine_sentence-run-1,multiemo_en_medicine_sentence,TinyBERT_4L_312D,data/multiemo2,data/models/bert-base-uncased/multiemo_en_Nmedicine_sentence,data/models/TMP_TinyBERT_4L_312D/multiemo_en_Nmedicine_sentence-run-1,multiemo_en_Nmedicine_sentence,data/models/TinyBERT_4L_312D/multiemo_en_Nmedicine_sentence-run-1,,128,False,True,16,16,5e-05,0.01,4.0,0.0,False,1,False,50,True,,1.0,1458.386557,0.6463576158940397,0.856793,0.24166666666666667,0.1895424836601307,0.21245421245421245,153,0.5705939629990263,0.830028328611898,0.6762839007501442,706,0.6719056974459725,0.6602316602316602,0.6660175267770204,518,0.8325123152709359,0.5709459459459459,0.6773547094188377,888,0.5791696605956503,0.5626871046124087,0.5580275873500538,2265,0.6742306512648643,0.6463576158940397,0.6430242778231879,2265,58395396,58367536,14591884
multiemo_en_Nmedicine_sentence-run-2,multiemo_en_medicine_sentence,TinyBERT_4L_312D,data/multiemo2,data/models/bert-base-uncased/multiemo_en_Nmedicine_sentence,data/models/TMP_TinyBERT_4L_312D/multiemo_en_Nmedicine_sentence-run-2,multiemo_en_Nmedicine_sentence,data/models/TinyBERT_4L_312D/multiemo_en_Nmedicine_sentence-run-2,,128,False,True,16,16,5e-05,0.01,4.0,0.0,False,1,False,50,True,,1.0,1422.817044,0.6547461368653421,0.851736,0.2926829268292683,0.23529411764705882,0.2608695652173913,153,0.577259475218659,0.8413597733711048,0.6847262247838617,706,0.6793893129770993,0.6872586872586872,0.6833013435700576,518,0.8438030560271647,0.5596846846846847,0.6729857819905213,888,0.5982836927630477,0.5808993157403839,0.575470728890458,2265,0.6858924746947068,0.6547461368653421,0.6511661053212097,2265,58395396,58367536,14591884
multiemo_en_Nmedicine_sentence-run-3,multiemo_en_medicine_sentence,TinyBERT_4L_312D,data/multiemo2,data/models/bert-base-uncased/multiemo_en_Nmedicine_sentence,data/models/TMP_TinyBERT_4L_312D/multiemo_en_Nmedicine_sentence-run-3,multiemo_en_Nmedicine_sentence,data/models/TinyBERT_4L_312D/multiemo_en_Nmedicine_sentence-run-3,,128,False,True,16,16,5e-05,0.01,4.0,0.0,False,1,False,50,True,,1.0,1382.76882,0.6481236203090508,0.920598,0.2631578947368421,0.22875816993464052,0.24475524475524474,153,0.5759682224428997,0.8215297450424929,0.6771745475773496,706,0.6554934823091247,0.6795366795366795,0.6672985781990521,518,0.8520408163265306,0.5641891891891891,0.6788617886178862,888,0.5866651039538493,0.5735034459257505,0.5670225397873832,2265,0.681260305374618,0.6481236203090508,0.6463676445196261,2265,58395396,58367536,14591884
multiemo_en_Nmedicine_sentence-run-4,multiemo_en_medicine_sentence,TinyBERT_4L_312D,data/multiemo2,data/models/bert-base-uncased/multiemo_en_Nmedicine_sentence,data/models/TMP_TinyBERT_4L_312D/multiemo_en_Nmedicine_sentence-run-4,multiemo_en_Nmedicine_sentence,data/models/TinyBERT_4L_312D/multiemo_en_Nmedicine_sentence-run-4,,128,False,True,16,16,5e-05,0.01,4.0,0.0,False,1,False,50,True,,1.0,1376.208559,0.6419426048565121,0.853263,0.25,0.20261437908496732,0.22382671480144403,153,0.5643756050338818,0.8257790368271954,0.6705002875215641,706,0.676923076923077,0.6795366795366795,0.6782273603082852,518,0.8299319727891157,0.5495495495495496,0.6612466124661246,888,0.5803076636865186,0.564369911249598,0.5584502437743545,2265,0.6729911359102909,0.6419426048565121,0.6384668674898258,2265,58395396,58367536,14591884
multiemo_en_Nmedicine_sentence-run-5,multiemo_en_medicine_sentence,TinyBERT_4L_312D,data/multiemo2,data/models/bert-base-uncased/multiemo_en_Nmedicine_sentence,data/models/TMP_TinyBERT_4L_312D/multiemo_en_Nmedicine_sentence-run-5,multiemo_en_Nmedicine_sentence,data/models/TinyBERT_4L_312D/multiemo_en_Nmedicine_sentence-run-5,,128,False,True,16,16,5e-05,0.01,4.0,0.0,False,1,False,50,True,,1.0,1383.603901,0.6596026490066225,0.909144,0.2956521739130435,0.2222222222222222,0.2537313432835821,153,0.5828402366863905,0.8371104815864022,0.6872093023255813,706,0.6776061776061776,0.6776061776061776,0.6776061776061776,518,0.8381877022653722,0.5833333333333334,0.6879150066401063,888,0.598571572617746,0.5800680536870338,0.5766154574638618,2265,0.6852232535633279,0.6596026490066225,0.6560084719031625,2265,58395396,58367536,14591884
multiemo_en_Nproducts_sentence-run-1,multiemo_en_products_sentence,TinyBERT_4L_312D,data/multiemo2,data/models/bert-base-uncased/multiemo_en_Nproducts_sentence,data/models/TMP_TinyBERT_4L_312D/multiemo_en_Nproducts_sentence-run-1,multiemo_en_Nproducts_sentence,data/models/TinyBERT_4L_312D/multiemo_en_Nproducts_sentence-run-1,,128,False,True,16,16,5e-05,0.01,4.0,0.0,False,1,False,50,True,,1.0,1942.4283,0.5835579514824798,0.351169,0.5915492957746479,0.32061068702290074,0.4158415841584158,131,0.6875,0.7034883720930233,0.6954022988505748,344,0.7985074626865671,0.5515463917525774,0.6524390243902439,194,0.22702702702702704,0.5753424657534246,0.32558139534883723,73,0.5761459463720605,0.5377469791554815,0.522316075687018,742,0.6542808335318678,0.5835579514824798,0.5984289095977394,742,58395396,58367536,14591884
multiemo_en_Nproducts_sentence-run-2,multiemo_en_products_sentence,TinyBERT_4L_312D,data/multiemo2,data/models/bert-base-uncased/multiemo_en_Nproducts_sentence,data/models/TMP_TinyBERT_4L_312D/multiemo_en_Nproducts_sentence-run-2,multiemo_en_Nproducts_sentence,data/models/TinyBERT_4L_312D/multiemo_en_Nproducts_sentence-run-2,,128,False,True,16,16,5e-05,0.01,4.0,0.0,False,1,False,50,True,,1.0,2024.252234,0.5916442048517521,0.318176,0.5789473684210527,0.33587786259541985,0.4251207729468599,131,0.7037037037037037,0.7180232558139535,0.7107913669064748,344,0.7552447552447552,0.5567010309278351,0.6409495548961425,194,0.23255813953488372,0.547945205479452,0.32653061224489793,73,0.5676134917260988,0.5396368387041651,0.5258480767485938,742,0.6488010863083032,0.5916442048517521,0.6042911048727697,742,58395396,58367536,14591884
multiemo_en_Nproducts_sentence-run-3,multiemo_en_products_sentence,TinyBERT_4L_312D,data/multiemo2,data/models/bert-base-uncased/multiemo_en_Nproducts_sentence,data/models/TMP_TinyBERT_4L_312D/multiemo_en_Nproducts_sentence-run-3,multiemo_en_Nproducts_sentence,data/models/TinyBERT_4L_312D/multiemo_en_Nproducts_sentence-run-3,,128,False,True,16,16,5e-05,0.01,4.0,0.0,False,1,False,50,True,,1.0,1970.427138,0.5862533692722371,0.337725,0.5857142857142857,0.31297709923664124,0.4079601990049751,131,0.6888888888888889,0.7209302325581395,0.7045454545454545,344,0.7703703703703704,0.5360824742268041,0.6322188449848024,194,0.23728813559322035,0.5753424657534246,0.33599999999999997,73,0.5705654201416913,0.5363330679437524,0.520181124633808,742,0.6475474864642939,0.5862533692722371,0.5970146608629916,742,58395396,58367536,14591884
multiemo_en_Nproducts_sentence-run-4,multiemo_en_products_sentence,TinyBERT_4L_312D,data/multiemo2,data/models/bert-base-uncased/multiemo_en_Nproducts_sentence,data/models/TMP_TinyBERT_4L_312D/multiemo_en_Nproducts_sentence-run-4,multiemo_en_Nproducts_sentence,data/models/TinyBERT_4L_312D/multiemo_en_Nproducts_sentence-run-4,,128,False,True,16,16,5e-05,0.01,4.0,0.0,False,1,False,50,True,,1.0,2017.369682,0.5916442048517521,0.32483,0.5857142857142857,0.31297709923664124,0.4079601990049751,131,0.7188405797101449,0.7209302325581395,0.7198838896952103,344,0.7622377622377622,0.5618556701030928,0.6468842729970326,194,0.22282608695652173,0.5616438356164384,0.31906614785992216,73,0.5724046786546786,0.539351709378578,0.5234486273892851,742,0.6578843141116081,0.5916442048517521,0.6062940995687369,742,58395396,58367536,14591884
multiemo_en_Nproducts_sentence-run-5,multiemo_en_products_sentence,TinyBERT_4L_312D,data/multiemo2,data/models/bert-base-uncased/multiemo_en_Nproducts_sentence,data/models/TMP_TinyBERT_4L_312D/multiemo_en_Nproducts_sentence-run-5,multiemo_en_Nproducts_sentence,data/models/TinyBERT_4L_312D/multiemo_en_Nproducts_sentence-run-5,,128,False,True,16,16,5e-05,0.01,4.0,0.0,False,1,False,50,True,,1.0,2054.906857,0.5727762803234502,0.316989,0.56,0.32061068702290074,0.4077669902912621,131,0.6864406779661016,0.7063953488372093,0.6962750716332378,344,0.7647058823529411,0.5360824742268041,0.6303030303030303,194,0.2033898305084746,0.4931506849315068,0.288,73,0.5536340977068793,0.5140597987546052,0.5055862730568825,742,0.6370565930241621,0.5727762803234502,0.5879230299848746,742,58395396,58367536,14591884
multiemo_en_Nreviews_sentence-run-1,multiemo_en_reviews_sentence,TinyBERT_4L_312D,data/multiemo2,data/models/bert-base-uncased/multiemo_en_Nreviews_sentence,data/models/TMP_TinyBERT_4L_312D/multiemo_en_Nreviews_sentence-run-1,multiemo_en_Nreviews_sentence,data/models/TinyBERT_4L_312D/multiemo_en_Nreviews_sentence-run-1,,128,False,True,16,16,5e-05,0.01,4.0,0.0,False,1,False,50,True,,1.0,2146.018346,0.48221343873517786,0.157084,0.7142857142857143,0.36363636363636365,0.48192771084337355,110,0.34285714285714286,0.6,0.43636363636363634,40,0.6144578313253012,0.5930232558139535,0.6035502958579881,86,0.1590909090909091,0.4117647058823529,0.22950819672131148,17,0.45767289938976685,0.49210608133316747,0.43783745994657736,253,0.584322661004884,0.48221343873517786,0.49910497405282933,253,58395396,58367536,14591884
multiemo_en_Nreviews_sentence-run-2,multiemo_en_reviews_sentence,TinyBERT_4L_312D,data/multiemo2,data/models/bert-base-uncased/multiemo_en_Nreviews_sentence,data/models/TMP_TinyBERT_4L_312D/multiemo_en_Nreviews_sentence-run-2,multiemo_en_Nreviews_sentence,data/models/TinyBERT_4L_312D/multiemo_en_Nreviews_sentence-run-2,,128,False,True,16,16,5e-05,0.01,4.0,0.0,False,1,False,50,True,,1.0,2195.502944,0.45454545454545453,0.162076,0.6981132075471698,0.33636363636363636,0.45398773006134974,110,0.32894736842105265,0.625,0.4310344827586207,40,0.5402298850574713,0.5465116279069767,0.5433526011560693,86,0.16216216216216217,0.35294117647058826,0.22222222222222227,17,0.43236315579696405,0.4652041101853004,0.4126492590495655,253,0.5500666973862848,0.45454545454545453,0.46516257349522944,253,58395396,58367536,14591884
multiemo_en_Nreviews_sentence-run-3,multiemo_en_reviews_sentence,TinyBERT_4L_312D,data/multiemo2,data/models/bert-base-uncased/multiemo_en_Nreviews_sentence,data/models/TMP_TinyBERT_4L_312D/multiemo_en_Nreviews_sentence-run-3,multiemo_en_Nreviews_sentence,data/models/TinyBERT_4L_312D/multiemo_en_Nreviews_sentence-run-3,,128,False,True,16,16,5e-05,0.01,4.0,0.0,False,1,False,50,True,,1.0,2123.398573,0.4782608695652174,0.138151,0.6842105263157895,0.35454545454545455,0.46706586826347307,110,0.35064935064935066,0.675,0.4615384615384615,40,0.5697674418604651,0.5697674418604651,0.5697674418604651,86,0.18181818181818182,0.35294117647058826,0.24000000000000002,17,0.4466113751609468,0.48806351821912697,0.43459294291559997,253,0.5588143913502766,0.4782608695652174,0.485844995930911,253,58395396,58367536,14591884
multiemo_en_Nreviews_sentence-run-4,multiemo_en_reviews_sentence,TinyBERT_4L_312D,data/multiemo2,data/models/bert-base-uncased/multiemo_en_Nreviews_sentence,data/models/TMP_TinyBERT_4L_312D/multiemo_en_Nreviews_sentence-run-4,multiemo_en_Nreviews_sentence,data/models/TinyBERT_4L_312D/multiemo_en_Nreviews_sentence-run-4,,128,False,True,16,16,5e-05,0.01,4.0,0.0,False,1,False,50,True,,1.0,2094.242847,0.48221343873517786,0.140395,0.6557377049180327,0.36363636363636365,0.46783625730994155,110,0.33766233766233766,0.65,0.4444444444444445,40,0.6410256410256411,0.5813953488372093,0.6097560975609757,86,0.16216216216216217,0.35294117647058826,0.22222222222222227,17,0.44914696144204347,0.48699322223604036,0.43606475538439604,253,0.5672830155432371,0.48221343873517786,0.49587576383356924,253,58395396,58367536,14591884
multiemo_en_Nreviews_sentence-run-5,multiemo_en_reviews_sentence,TinyBERT_4L_312D,data/multiemo2,data/models/bert-base-uncased/multiemo_en_Nreviews_sentence,data/models/TMP_TinyBERT_4L_312D/multiemo_en_Nreviews_sentence-run-5,multiemo_en_Nreviews_sentence,data/models/TinyBERT_4L_312D/multiemo_en_Nreviews_sentence-run-5,,128,False,True,16,16,5e-05,0.01,4.0,0.0,False,1,False,50,True,,1.0,2126.802562,0.4505928853754941,0.159147,0.6862745098039216,0.3181818181818182,0.43478260869565216,110,0.3058823529411765,0.65,0.41600000000000004,40,0.5822784810126582,0.5348837209302325,0.5575757575757575,86,0.18421052631578946,0.4117647058823529,0.2545454545454545,17,0.4396614675183864,0.4787075612486009,0.41572595520421607,253,0.5570475039942112,0.4505928853754941,0.46144219302493916,253,58395396,58367536,14591884
multiemo_en_hotels_sentence-run-1,multiemo_en_hotels_sentence,TinyBERT_4L_312D,data/multiemo2,data/models/bert-base-uncased/multiemo_en_hotels_sentence,data/models/TMP_TinyBERT_4L_312D/multiemo_en_hotels_sentence-run-1,multiemo_en_hotels_sentence,data/models/TinyBERT_4L_312D/multiemo_en_hotels_sentence-run-1,,128,False,True,16,16,5e-05,0.01,4.0,0.0,False,1,False,50,True,,1.0,969.635323,0.8092555331991952,0.893399,0.6824644549763034,0.5017421602787456,0.5783132530120483,287,0.8155339805825242,0.8944820909970959,0.8531855955678671,1033,0.8413978494623656,0.8646408839779005,0.8528610354223433,724,0.7984886649874056,0.7188208616780045,0.7565632458233891,441,0.7844712375021496,0.7449214992329367,0.760230782456412,2485,0.8046758329135394,0.8092555331991952,0.8041981508611492,2485,58395396,58367536,14591884
multiemo_en_hotels_sentence-run-2,multiemo_en_hotels_sentence,TinyBERT_4L_312D,data/multiemo2,data/models/bert-base-uncased/multiemo_en_hotels_sentence,data/models/TMP_TinyBERT_4L_312D/multiemo_en_hotels_sentence-run-2,multiemo_en_hotels_sentence,data/models/TinyBERT_4L_312D/multiemo_en_hotels_sentence-run-2,,128,False,True,16,16,5e-05,0.01,4.0,0.0,False,1,False,50,True,,1.0,973.2181310000001,0.8016096579476861,0.858937,0.6169354838709677,0.5331010452961672,0.5719626168224298,287,0.8262443438914027,0.8838334946757018,0.8540692235734331,1033,0.8315508021390374,0.8591160220994475,0.845108695652174,724,0.7916666666666666,0.6893424036281179,0.736969696969697,441,0.7665993241420186,0.7413482414248586,0.7520275582544333,2485,0.7974803508488731,0.8016096579476861,0.7980962217284523,2485,58395396,58367536,14591884
multiemo_en_hotels_sentence-run-3,multiemo_en_hotels_sentence,TinyBERT_4L_312D,data/multiemo2,data/models/bert-base-uncased/multiemo_en_hotels_sentence,data/models/TMP_TinyBERT_4L_312D/multiemo_en_hotels_sentence-run-3,multiemo_en_hotels_sentence,data/models/TinyBERT_4L_312D/multiemo_en_hotels_sentence-run-3,,128,False,True,16,16,5e-05,0.01,4.0,0.0,False,1,False,50,True,,1.0,984.349087,0.8060362173038229,0.921198,0.6173913043478261,0.49477351916376305,0.5493230174081238,287,0.832427536231884,0.8896418199419167,0.8600842302292934,1033,0.8333333333333334,0.8632596685082873,0.8480325644504749,724,0.7905236907730673,0.7188208616780045,0.7529691211401425,441,0.7684189661715277,0.7416239673229928,0.7526022333070086,2485,0.8004198109616171,0.8060362173038229,0.8016731086148644,2485,58395396,58367536,14591884
multiemo_en_hotels_sentence-run-4,multiemo_en_hotels_sentence,TinyBERT_4L_312D,data/multiemo2,data/models/bert-base-uncased/multiemo_en_hotels_sentence,data/models/TMP_TinyBERT_4L_312D/multiemo_en_hotels_sentence-run-4,multiemo_en_hotels_sentence,data/models/TinyBERT_4L_312D/multiemo_en_hotels_sentence-run-4,,128,False,True,16,16,5e-05,0.01,4.0,0.0,False,1,False,50,True,,1.0,966.738904,0.8048289738430584,0.944438,0.6527777777777778,0.4912891986062718,0.5606361829025844,287,0.8156966490299824,0.8954501452081317,0.853714813105676,1033,0.8300395256916996,0.8701657458563536,0.8496291301416049,724,0.8085106382978723,0.6893424036281179,0.7441860465116279,441,0.7767561476993331,0.7365618733247188,0.7520415431653733,2485,0.7997841725393747,0.8048289738430584,0.7992384399055754,2485,58395396,58367536,14591884
multiemo_en_hotels_sentence-run-5,multiemo_en_hotels_sentence,TinyBERT_4L_312D,data/multiemo2,data/models/bert-base-uncased/multiemo_en_hotels_sentence,data/models/TMP_TinyBERT_4L_312D/multiemo_en_hotels_sentence-run-5,multiemo_en_hotels_sentence,data/models/TinyBERT_4L_312D/multiemo_en_hotels_sentence-run-5,,128,False,True,16,16,5e-05,0.01,4.0,0.0,False,1,False,50,True,,1.0,953.077134,0.8008048289738431,0.924196,0.6538461538461539,0.4738675958188153,0.5494949494949495,287,0.8053402239448751,0.9051306873184899,0.8523245214220602,1033,0.8351351351351352,0.8535911602209945,0.8442622950819672,724,0.800531914893617,0.6825396825396826,0.7368421052631579,441,0.7737133569549453,0.7287822814744955,0.7457309678155336,2485,0.7956711105814185,0.8008048289738431,0.79450686164766,2485,58395396,58367536,14591884
multiemo_en_medicine_sentence-run-1,multiemo_en_medicine_sentence,TinyBERT_4L_312D,data/multiemo2,data/models/bert-base-uncased/multiemo_en_medicine_sentence,data/models/TMP_TinyBERT_4L_312D/multiemo_en_medicine_sentence-run-1,multiemo_en_medicine_sentence,data/models/TinyBERT_4L_312D/multiemo_en_medicine_sentence-run-1,,128,False,True,16,16,5e-05,0.01,4.0,0.0,False,1,False,50,True,,1.0,931.793083,0.7655629139072848,0.874444,0.3619047619047619,0.24836601307189543,0.2945736434108527,153,0.7051597051597052,0.8130311614730878,0.7552631578947369,706,0.7945205479452054,0.7837837837837838,0.7891156462585033,518,0.8574850299401198,0.8063063063063063,0.8311085316308764,888,0.679767511237448,0.6628718161587683,0.6675152447987422,2265,0.7621291526872509,0.7655629139072848,0.7616211204263433,2265,58395396,58367536,14591884
multiemo_en_medicine_sentence-run-2,multiemo_en_medicine_sentence,TinyBERT_4L_312D,data/multiemo2,data/models/bert-base-uncased/multiemo_en_medicine_sentence,data/models/TMP_TinyBERT_4L_312D/multiemo_en_medicine_sentence-run-2,multiemo_en_medicine_sentence,data/models/TinyBERT_4L_312D/multiemo_en_medicine_sentence-run-2,,128,False,True,16,16,5e-05,0.01,4.0,0.0,False,1,False,50,True,,1.0,925.5239710000001,0.7686534216335541,0.901137,0.38738738738738737,0.28104575163398693,0.3257575757575758,153,0.7125,0.8073654390934845,0.7569721115537849,706,0.7992125984251969,0.7837837837837838,0.7914230019493178,518,0.8534278959810875,0.8130630630630631,0.8327566320645905,888,0.6881319704484179,0.6713145093935795,0.6767273303313173,2265,0.7656209129738313,0.7686534216335541,0.7654340945390659,2265,58395396,58367536,14591884
multiemo_en_medicine_sentence-run-3,multiemo_en_medicine_sentence,TinyBERT_4L_312D,data/multiemo2,data/models/bert-base-uncased/multiemo_en_medicine_sentence,data/models/TMP_TinyBERT_4L_312D/multiemo_en_medicine_sentence-run-3,multiemo_en_medicine_sentence,data/models/TinyBERT_4L_312D/multiemo_en_medicine_sentence-run-3,,128,False,True,16,16,5e-05,0.01,4.0,0.0,False,1,False,50,True,,1.0,905.481502,0.7673289183222958,0.884964,0.3883495145631068,0.26143790849673204,0.3125,153,0.7058096415327565,0.8087818696883853,0.753795379537954,706,0.8007889546351085,0.7837837837837838,0.7921951219512194,518,0.8522458628841607,0.8119369369369369,0.831603229527105,888,0.6867984934037832,0.6664851247264595,0.6725234327540697,2265,0.7634976103277715,0.7673289183222958,0.7632727500859144,2265,58395396,58367536,14591884
multiemo_en_medicine_sentence-run-4,multiemo_en_medicine_sentence,TinyBERT_4L_312D,data/multiemo2,data/models/bert-base-uncased/multiemo_en_medicine_sentence,data/models/TMP_TinyBERT_4L_312D/multiemo_en_medicine_sentence-run-4,multiemo_en_medicine_sentence,data/models/TinyBERT_4L_312D/multiemo_en_medicine_sentence-run-4,,128,False,True,16,16,5e-05,0.01,4.0,0.0,False,1,False,50,True,,1.0,937.784403,0.7642384105960265,0.858237,0.373015873015873,0.30718954248366015,0.33691756272401435,153,0.7083854818523154,0.8016997167138811,0.7521594684385383,706,0.8007889546351085,0.7837837837837838,0.7921951219512194,518,0.8547418967587035,0.8018018018018018,0.8274259151656014,888,0.6842330515655001,0.6736187111957816,0.6771745170698433,2265,0.7642432942966348,0.7642384105960265,0.7627745066896989,2265,58395396,58367536,14591884
multiemo_en_medicine_sentence-run-5,multiemo_en_medicine_sentence,TinyBERT_4L_312D,data/multiemo2,data/models/bert-base-uncased/multiemo_en_medicine_sentence,data/models/TMP_TinyBERT_4L_312D/multiemo_en_medicine_sentence-run-5,multiemo_en_medicine_sentence,data/models/TinyBERT_4L_312D/multiemo_en_medicine_sentence-run-5,,128,False,True,16,16,5e-05,0.01,4.0,0.0,False,1,False,50,True,,1.0,947.231873,0.7655629139072848,0.838095,0.40594059405940597,0.2679738562091503,0.3228346456692913,153,0.7019704433497537,0.8073654390934845,0.7509881422924901,706,0.8047337278106509,0.7876447876447876,0.7960975609756098,518,0.8461538461538461,0.8051801801801802,0.8251586843623774,888,0.6896996528434142,0.6670410657819007,0.6737697583249421,2265,0.7620029714289394,0.7655629139072848,0.7614617119404223,2265,58395396,58367536,14591884
multiemo_en_products_sentence-run-1,multiemo_en_products_sentence,TinyBERT_4L_312D,data/multiemo2,data/models/bert-base-uncased/multiemo_en_products_sentence,data/models/TMP_TinyBERT_4L_312D/multiemo_en_products_sentence-run-1,multiemo_en_products_sentence,data/models/TinyBERT_4L_312D/multiemo_en_products_sentence-run-1,,128,False,True,16,16,5e-05,0.01,4.0,0.0,False,1,False,50,True,,1.0,302.77137400000004,0.6913746630727763,0.390092,0.45222929936305734,0.5419847328244275,0.4930555555555556,131,0.7519788918205804,0.8284883720930233,0.7883817427385892,344,0.8024691358024691,0.6701030927835051,0.7303370786516855,194,0.6136363636363636,0.3698630136986301,0.4615384615384615,73,0.6550784226556177,0.6026098028498965,0.618328209621073,742,0.6986485766765145,0.6913746630727763,0.6889101054320581,742,58395396,58367536,14591884
multiemo_en_products_sentence-run-2,multiemo_en_products_sentence,TinyBERT_4L_312D,data/multiemo2,data/models/bert-base-uncased/multiemo_en_products_sentence,data/models/TMP_TinyBERT_4L_312D/multiemo_en_products_sentence-run-2,multiemo_en_products_sentence,data/models/TinyBERT_4L_312D/multiemo_en_products_sentence-run-2,,128,False,True,16,16,5e-05,0.01,4.0,0.0,False,1,False,50,True,,1.0,306.853072,0.6846361185983828,0.321261,0.4482758620689655,0.4961832061068702,0.4710144927536231,131,0.7356020942408377,0.8168604651162791,0.7741046831955921,344,0.8121212121212121,0.6907216494845361,0.746518105849582,194,0.56,0.3835616438356164,0.45528455284552843,73,0.6389997921077538,0.5968317411358255,0.6117304586610814,742,0.6876048160396196,0.6846361185983828,0.6820150868767532,742,58395396,58367536,14591884
multiemo_en_products_sentence-run-3,multiemo_en_products_sentence,TinyBERT_4L_312D,data/multiemo2,data/models/bert-base-uncased/multiemo_en_products_sentence,data/models/TMP_TinyBERT_4L_312D/multiemo_en_products_sentence-run-3,multiemo_en_products_sentence,data/models/TinyBERT_4L_312D/multiemo_en_products_sentence-run-3,,128,False,True,16,16,5e-05,0.01,4.0,0.0,False,1,False,50,True,,1.0,312.27941,0.6792452830188679,0.337408,0.41935483870967744,0.4961832061068702,0.45454545454545453,131,0.7310704960835509,0.813953488372093,0.7702888583218708,344,0.8238993710691824,0.6752577319587629,0.7422096317280453,194,0.6222222222222222,0.3835616438356164,0.4745762711864407,73,0.6491367320211583,0.5922390175683356,0.6104050539454529,742,0.6895989686433327,0.6792452830188679,0.6781099166577211,742,58395396,58367536,14591884
multiemo_en_products_sentence-run-4,multiemo_en_products_sentence,TinyBERT_4L_312D,data/multiemo2,data/models/bert-base-uncased/multiemo_en_products_sentence,data/models/TMP_TinyBERT_4L_312D/multiemo_en_products_sentence-run-4,multiemo_en_products_sentence,data/models/TinyBERT_4L_312D/multiemo_en_products_sentence-run-4,,128,False,True,16,16,5e-05,0.01,4.0,0.0,False,1,False,50,True,,1.0,317.53801,0.692722371967655,0.326439,0.44516129032258067,0.5267175572519084,0.4825174825174825,131,0.7440633245382586,0.8197674418604651,0.7800829875518671,344,0.83125,0.6855670103092784,0.751412429378531,194,0.625,0.410958904109589,0.49586776859504134,73,0.6613686537152099,0.6107527283828103,0.6274701670107306,742,0.7023738715275188,0.692722371967655,0.6920898872432688,742,58395396,58367536,14591884
multiemo_en_products_sentence-run-5,multiemo_en_products_sentence,TinyBERT_4L_312D,data/multiemo2,data/models/bert-base-uncased/multiemo_en_products_sentence,data/models/TMP_TinyBERT_4L_312D/multiemo_en_products_sentence-run-5,multiemo_en_products_sentence,data/models/TinyBERT_4L_312D/multiemo_en_products_sentence-run-5,,128,False,True,16,16,5e-05,0.01,4.0,0.0,False,1,False,50,True,,1.0,298.850765,0.6792452830188679,0.456264,0.432258064516129,0.5114503816793893,0.4685314685314685,131,0.7298701298701299,0.8168604651162791,0.7709190672153635,344,0.8238993710691824,0.6752577319587629,0.7422096317280453,194,0.5813953488372093,0.3424657534246575,0.43103448275862066,73,0.6418557285731626,0.5865085830447723,0.6031736625583745,742,0.6873038673577834,0.6792452830188679,0.6765875570031369,742,58395396,58367536,14591884
multiemo_en_reviews_sentence-run-1,multiemo_en_reviews_sentence,TinyBERT_4L_312D,data/multiemo2,data/models/bert-base-uncased/multiemo_en_reviews_sentence,data/models/TMP_TinyBERT_4L_312D/multiemo_en_reviews_sentence-run-1,multiemo_en_reviews_sentence,data/models/TinyBERT_4L_312D/multiemo_en_reviews_sentence-run-1,,128,False,True,16,16,5e-05,0.01,4.0,0.0,False,1,False,50,True,,1.0,119.315936,0.5573122529644269,0.139511,0.6122448979591837,0.5454545454545454,0.5769230769230769,110,0.4230769230769231,0.55,0.47826086956521735,40,0.5977011494252874,0.6046511627906976,0.6011560693641619,86,0.4375,0.4117647058823529,0.42424242424242425,17,0.5176307426153486,0.527967603531899,0.5201456100237201,253,0.5656514409057781,0.5573122529644269,0.5593024364489576,253,58395396,58367536,14591884
multiemo_en_reviews_sentence-run-2,multiemo_en_reviews_sentence,TinyBERT_4L_312D,data/multiemo2,data/models/bert-base-uncased/multiemo_en_reviews_sentence,data/models/TMP_TinyBERT_4L_312D/multiemo_en_reviews_sentence-run-2,multiemo_en_reviews_sentence,data/models/TinyBERT_4L_312D/multiemo_en_reviews_sentence-run-2,,128,False,True,16,16,5e-05,0.01,4.0,0.0,False,1,False,50,True,,1.0,113.62233599999999,0.5731225296442688,0.148707,0.63,0.5727272727272728,0.6000000000000001,110,0.4888888888888889,0.55,0.5176470588235293,40,0.5842696629213483,0.6046511627906976,0.5942857142857143,86,0.42105263157894735,0.47058823529411764,0.4444444444444444,17,0.5310527958472961,0.549491667703022,0.539094304388422,253,0.5781053015953898,0.5731225296442688,0.5745850171425618,253,58395396,58367536,14591884
multiemo_en_reviews_sentence-run-3,multiemo_en_reviews_sentence,TinyBERT_4L_312D,data/multiemo2,data/models/bert-base-uncased/multiemo_en_reviews_sentence,data/models/TMP_TinyBERT_4L_312D/multiemo_en_reviews_sentence-run-3,multiemo_en_reviews_sentence,data/models/TinyBERT_4L_312D/multiemo_en_reviews_sentence-run-3,,128,False,True,16,16,5e-05,0.01,4.0,0.0,False,1,False,50,True,,1.0,115.100274,0.5928853754940712,0.149335,0.6923076923076923,0.5727272727272728,0.6268656716417911,110,0.4716981132075472,0.625,0.5376344086021505,40,0.5957446808510638,0.6511627906976745,0.6222222222222222,86,0.4,0.35294117647058826,0.37500000000000006,17,0.5399376215915758,0.5504578099738838,0.540430575616541,253,0.6049636886772314,0.5928853754940712,0.5942557760308069,253,58395396,58367536,14591884
multiemo_en_reviews_sentence-run-4,multiemo_en_reviews_sentence,TinyBERT_4L_312D,data/multiemo2,data/models/bert-base-uncased/multiemo_en_reviews_sentence,data/models/TMP_TinyBERT_4L_312D/multiemo_en_reviews_sentence-run-4,multiemo_en_reviews_sentence,data/models/TinyBERT_4L_312D/multiemo_en_reviews_sentence-run-4,,128,False,True,16,16,5e-05,0.01,4.0,0.0,False,1,False,50,True,,1.0,115.167734,0.5889328063241107,0.146385,0.6956521739130435,0.5818181818181818,0.6336633663366337,110,0.45098039215686275,0.575,0.5054945054945055,40,0.6111111111111112,0.6395348837209303,0.6250000000000001,86,0.35,0.4117647058823529,0.37837837837837834,17,0.5269359192952543,0.5520294428553663,0.5356340625523794,253,0.6050059698508491,0.5889328063241107,0.593301118376452,253,58395396,58367536,14591884
multiemo_en_reviews_sentence-run-5,multiemo_en_reviews_sentence,TinyBERT_4L_312D,data/multiemo2,data/models/bert-base-uncased/multiemo_en_reviews_sentence,data/models/TMP_TinyBERT_4L_312D/multiemo_en_reviews_sentence-run-5,multiemo_en_reviews_sentence,data/models/TinyBERT_4L_312D/multiemo_en_reviews_sentence-run-5,,128,False,True,16,16,5e-05,0.01,4.0,0.0,False,1,False,50,True,,1.0,114.30058,0.5652173913043478,0.149495,0.6176470588235294,0.5727272727272728,0.5943396226415094,110,0.4418604651162791,0.475,0.4578313253012048,40,0.6022727272727273,0.6162790697674418,0.6091954022988506,86,0.4,0.47058823529411764,0.4324324324324324,17,0.515445062803134,0.533648644447208,0.5234496956684993,253,0.5700041486983951,0.5652173913043478,0.5669279345915681,253,58395396,58367536,14591884
multiemo_en_Nhotels_sentence-run-1,multiemo_en_hotels_sentence,TinyBERT_6L_768D,data/multiemo2,data/models/bert-base-uncased/multiemo_en_Nhotels_sentence,data/models/TMP_TinyBERT_6L_768D/multiemo_en_Nhotels_sentence-run-1,multiemo_en_Nhotels_sentence,data/models/TinyBERT_6L_768D/multiemo_en_Nhotels_sentence-run-1,,128,False,True,16,16,5e-05,0.01,4.0,0.0,False,1,False,50,True,,1.0,2141.54117,0.7561368209255533,2.95918,0.6758241758241759,0.42857142857142855,0.5245202558635395,287,0.7987132352941176,0.8412391093901258,0.8194247996228194,1033,0.7682291666666666,0.8149171270718232,0.7908847184986595,724,0.6644295302013423,0.673469387755102,0.668918918918919,441,0.7267990269965756,0.68954926319712,0.7009371732259843,2485,0.7518083098614972,0.7561368209255533,0.7503408092070346,2485,270236395,270194704,67548676
multiemo_en_Nhotels_sentence-run-2,multiemo_en_hotels_sentence,TinyBERT_6L_768D,data/multiemo2,data/models/bert-base-uncased/multiemo_en_Nhotels_sentence,data/models/TMP_TinyBERT_6L_768D/multiemo_en_Nhotels_sentence-run-2,multiemo_en_Nhotels_sentence,data/models/TinyBERT_6L_768D/multiemo_en_Nhotels_sentence-run-2,,128,False,True,16,16,5e-05,0.01,4.0,0.0,False,1,False,50,True,,1.0,2143.9878820000004,0.7569416498993964,2.994047,0.6752577319587629,0.4564459930313589,0.5446985446985447,287,0.8046728971962617,0.8334946757018393,0.8188302425106989,1033,0.7749029754204398,0.8273480662983426,0.8002672010688042,724,0.6473214285714286,0.6575963718820862,0.6524184476940383,441,0.7255387582867232,0.6937212767284068,0.7040536089930215,2485,0.753128602044387,0.7569416498993964,0.7522294212671707,2485,270236395,270194704,67548676
multiemo_en_Nhotels_sentence-run-3,multiemo_en_hotels_sentence,TinyBERT_6L_768D,data/multiemo2,data/models/bert-base-uncased/multiemo_en_Nhotels_sentence,data/models/TMP_TinyBERT_6L_768D/multiemo_en_Nhotels_sentence-run-3,multiemo_en_Nhotels_sentence,data/models/TinyBERT_6L_768D/multiemo_en_Nhotels_sentence-run-3,,128,False,True,16,16,5e-05,0.01,4.0,0.0,False,1,False,50,True,,1.0,2178.7148509999997,0.7545271629778671,2.971025,0.6613756613756614,0.4355400696864111,0.5252100840336135,287,0.8009174311926606,0.8451113262342691,0.8224211022138483,1033,0.7609819121447028,0.81353591160221,0.7863818424566089,724,0.6666666666666666,0.6530612244897959,0.6597938144329897,441,0.7224854178449228,0.6868121330031715,0.698451710784265,2485,0.7493414187644258,0.7545271629778671,0.7487347359388674,2485,270236395,270194704,67548676
multiemo_en_Nhotels_sentence-run-4,multiemo_en_hotels_sentence,TinyBERT_6L_768D,data/multiemo2,data/models/bert-base-uncased/multiemo_en_Nhotels_sentence,data/models/TMP_TinyBERT_6L_768D/multiemo_en_Nhotels_sentence-run-4,multiemo_en_Nhotels_sentence,data/models/TinyBERT_6L_768D/multiemo_en_Nhotels_sentence-run-4,,128,False,True,16,16,5e-05,0.01,4.0,0.0,False,1,False,50,True,,1.0,2222.1120149999997,0.7553319919517103,2.986036,0.6813186813186813,0.43205574912891986,0.5287846481876333,287,0.7863554757630161,0.8480154888673765,0.816022356776898,1033,0.764404609475032,0.824585635359116,0.7933554817275746,724,0.6862745098039216,0.6349206349206349,0.6595995288574794,441,0.7295883190901629,0.6848943770690118,0.6994405038873963,2485,0.7500682752857584,0.7553319919517103,0.7484849294073638,2485,270236395,270194704,67548676
multiemo_en_Nhotels_sentence-run-5,multiemo_en_hotels_sentence,TinyBERT_6L_768D,data/multiemo2,data/models/bert-base-uncased/multiemo_en_Nhotels_sentence,data/models/TMP_TinyBERT_6L_768D/multiemo_en_Nhotels_sentence-run-5,multiemo_en_Nhotels_sentence,data/models/TinyBERT_6L_768D/multiemo_en_Nhotels_sentence-run-5,,128,False,True,16,16,5e-05,0.01,4.0,0.0,False,1,False,50,True,,1.0,2204.573358,0.7561368209255533,2.972121,0.6949152542372882,0.42857142857142855,0.5301724137931034,287,0.7994505494505495,0.8451113262342691,0.8216470588235294,1033,0.7563131313131313,0.8273480662983426,0.7902374670184698,724,0.6698113207547169,0.6439909297052154,0.6566473988439306,441,0.7301225639389215,0.686255437702314,0.6996760846197583,2485,0.7518030563670248,0.7561368209255533,0.7495510356277151,2485,270236395,270194704,67548676
multiemo_en_Nmedicine_sentence-run-1,multiemo_en_medicine_sentence,TinyBERT_6L_768D,data/multiemo2,data/models/bert-base-uncased/multiemo_en_Nmedicine_sentence,data/models/TMP_TinyBERT_6L_768D/multiemo_en_Nmedicine_sentence-run-1,multiemo_en_Nmedicine_sentence,data/models/TinyBERT_6L_768D/multiemo_en_Nmedicine_sentence-run-1,,128,False,True,16,16,5e-05,0.01,4.0,0.0,False,1,False,50,True,,1.0,2242.964345,0.6763796909492273,2.943564,0.27450980392156865,0.27450980392156865,0.27450980392156865,153,0.6087844739530133,0.8441926345609065,0.7074183976261128,706,0.7126213592233009,0.7084942084942085,0.7105517909002905,518,0.8527508090614887,0.5934684684684685,0.6998671978751659,888,0.6121666115398429,0.605166278861288,0.5980867975807844,2265,0.7055993029294035,0.6763796909492273,0.6759316945357763,2265,270236395,270194704,67548676
multiemo_en_Nmedicine_sentence-run-2,multiemo_en_medicine_sentence,TinyBERT_6L_768D,data/multiemo2,data/models/bert-base-uncased/multiemo_en_Nmedicine_sentence,data/models/TMP_TinyBERT_6L_768D/multiemo_en_Nmedicine_sentence-run-2,multiemo_en_Nmedicine_sentence,data/models/TinyBERT_6L_768D/multiemo_en_Nmedicine_sentence-run-2,,128,False,True,16,16,5e-05,0.01,4.0,0.0,False,1,False,50,True,,1.0,2222.176535,0.6772626931567329,2.931973,0.2932330827067669,0.2549019607843137,0.27272727272727276,153,0.5940298507462687,0.8456090651558074,0.6978375219170075,706,0.7213438735177866,0.7046332046332047,0.7128906250000001,518,0.8582930756843801,0.6002252252252253,0.7064280980781975,888,0.6167249706638005,0.6013423639496378,0.5974708794306195,2265,0.7064327213999753,0.6772626931567329,0.6759320344565649,2265,270236395,270194704,67548676
multiemo_en_Nmedicine_sentence-run-3,multiemo_en_medicine_sentence,TinyBERT_6L_768D,data/multiemo2,data/models/bert-base-uncased/multiemo_en_Nmedicine_sentence,data/models/TMP_TinyBERT_6L_768D/multiemo_en_Nmedicine_sentence-run-3,multiemo_en_Nmedicine_sentence,data/models/TinyBERT_6L_768D/multiemo_en_Nmedicine_sentence-run-3,,128,False,True,16,16,5e-05,0.01,4.0,0.0,False,1,False,50,True,,1.0,2270.795145,0.686092715231788,2.942727,0.2890625,0.24183006535947713,0.26334519572953735,153,0.607,0.8597733711048159,0.7116060961313013,706,0.7190569744597249,0.7065637065637066,0.7127555988315483,518,0.8662420382165605,0.6126126126126126,0.7176781002638521,888,0.6203403781690713,0.6051949389101531,0.6013462477390598,2265,0.7127871987666415,0.686092715231788,0.6839696565317266,2265,270236395,270194704,67548676
multiemo_en_Nmedicine_sentence-run-4,multiemo_en_medicine_sentence,TinyBERT_6L_768D,data/multiemo2,data/models/bert-base-uncased/multiemo_en_Nmedicine_sentence,data/models/TMP_TinyBERT_6L_768D/multiemo_en_Nmedicine_sentence-run-4,multiemo_en_Nmedicine_sentence,data/models/TinyBERT_6L_768D/multiemo_en_Nmedicine_sentence-run-4,,128,False,True,16,16,5e-05,0.01,4.0,0.0,False,1,False,50,True,,1.0,5343.893515,0.6799116997792495,2.925766,0.2619047619047619,0.21568627450980393,0.23655913978494625,153,0.6037924151696606,0.8569405099150141,0.708430913348946,706,0.7252066115702479,0.6776061776061776,0.7005988023952096,518,0.8437978560490046,0.6204954954954955,0.7151200519143414,888,0.6086754111734187,0.5926821143816228,0.5901772268608608,2265,0.7025599976362532,0.6799116997792495,0.6773874432459631,2265,270236395,270194704,67548676
multiemo_en_Nmedicine_sentence-run-5,multiemo_en_medicine_sentence,TinyBERT_6L_768D,data/multiemo2,data/models/bert-base-uncased/multiemo_en_Nmedicine_sentence,data/models/TMP_TinyBERT_6L_768D/multiemo_en_Nmedicine_sentence-run-5,multiemo_en_Nmedicine_sentence,data/models/TinyBERT_6L_768D/multiemo_en_Nmedicine_sentence-run-5,,128,False,True,16,16,5e-05,0.01,4.0,0.0,False,1,False,50,True,,1.0,2206.150826,0.6830022075055188,2.964692,0.2706766917293233,0.23529411764705882,0.2517482517482517,153,0.6130705394190872,0.8371104815864022,0.7077844311377245,706,0.7108910891089109,0.693050193050193,0.7018572825024438,518,0.8461538461538461,0.6317567567567568,0.7234042553191491,888,0.6101980416027919,0.5993028872601027,0.5961985551768922,2265,0.7036942755882972,0.6830022075055188,0.6817476123445415,2265,270236395,270194704,67548676
multiemo_en_Nproducts_sentence-run-1,multiemo_en_products_sentence,TinyBERT_6L_768D,data/multiemo2,data/models/bert-base-uncased/multiemo_en_Nproducts_sentence,data/models/TMP_TinyBERT_6L_768D/multiemo_en_Nproducts_sentence-run-1,multiemo_en_Nproducts_sentence,data/models/TinyBERT_6L_768D/multiemo_en_Nproducts_sentence-run-1,,128,False,True,16,16,5e-05,0.01,4.0,0.0,False,1,False,50,True,,1.0,3209.6405910000003,0.6253369272237197,0.993843,0.6153846153846154,0.3053435114503817,0.40816326530612246,131,0.7202216066481995,0.7558139534883721,0.7375886524822696,344,0.8211920529801324,0.6391752577319587,0.7188405797101448,194,0.24242424242424243,0.547945205479452,0.3361344537815126,73,0.5998056293592975,0.5620694820375411,0.5501817378200125,742,0.6811049127728849,0.6253369272237197,0.6350306897558239,742,270236395,270194704,67548676
multiemo_en_Nproducts_sentence-run-2,multiemo_en_products_sentence,TinyBERT_6L_768D,data/multiemo2,data/models/bert-base-uncased/multiemo_en_Nproducts_sentence,data/models/TMP_TinyBERT_6L_768D/multiemo_en_Nproducts_sentence-run-2,multiemo_en_Nproducts_sentence,data/models/TinyBERT_6L_768D/multiemo_en_Nproducts_sentence-run-2,,128,False,True,16,16,5e-05,0.01,4.0,0.0,False,1,False,50,True,,1.0,3278.0925049999996,0.6078167115902965,0.998045,0.65,0.29770992366412213,0.40837696335078527,131,0.7102272727272727,0.7267441860465116,0.7183908045977011,344,0.8,0.5979381443298969,0.6843657817109146,194,0.24864864864864866,0.6301369863013698,0.35658914728682173,73,0.6022189803439804,0.563132310085475,0.5419306742365557,742,0.6776543573713386,0.6078167115902965,0.6191668307067622,742,270236395,270194704,67548676
multiemo_en_Nproducts_sentence-run-3,multiemo_en_products_sentence,TinyBERT_6L_768D,data/multiemo2,data/models/bert-base-uncased/multiemo_en_Nproducts_sentence,data/models/TMP_TinyBERT_6L_768D/multiemo_en_Nproducts_sentence-run-3,multiemo_en_Nproducts_sentence,data/models/TinyBERT_6L_768D/multiemo_en_Nproducts_sentence-run-3,,128,False,True,16,16,5e-05,0.01,4.0,0.0,False,1,False,50,True,,1.0,3278.60009,0.6199460916442049,1.01066,0.6323529411764706,0.3282442748091603,0.4321608040201005,131,0.7319884726224783,0.7383720930232558,0.7351664254703328,344,0.8297872340425532,0.6030927835051546,0.6985074626865672,194,0.24731182795698925,0.6301369863013698,0.3552123552123552,73,0.6103601189496228,0.5749615344097351,0.555261761847339,742,0.6922840387080399,0.6199460916442049,0.6347052094071747,742,270236395,270194704,67548676
multiemo_en_Nproducts_sentence-run-4,multiemo_en_products_sentence,TinyBERT_6L_768D,data/multiemo2,data/models/bert-base-uncased/multiemo_en_Nproducts_sentence,data/models/TMP_TinyBERT_6L_768D/multiemo_en_Nproducts_sentence-run-4,multiemo_en_Nproducts_sentence,data/models/TinyBERT_6L_768D/multiemo_en_Nproducts_sentence-run-4,,128,False,True,16,16,5e-05,0.01,4.0,0.0,False,1,False,50,True,,1.0,3258.888286,0.6078167115902965,0.989511,0.5967741935483871,0.2824427480916031,0.38341968911917096,131,0.7044198895027625,0.7412790697674418,0.7223796033994334,344,0.8055555555555556,0.5979381443298969,0.6863905325443788,194,0.2471264367816092,0.589041095890411,0.3481781376518219,73,0.5884690188470786,0.5526752645198383,0.5350919906787013,742,0.6668677479873641,0.6078167115902965,0.6163117657765619,742,270236395,270194704,67548676
multiemo_en_Nproducts_sentence-run-5,multiemo_en_products_sentence,TinyBERT_6L_768D,data/multiemo2,data/models/bert-base-uncased/multiemo_en_Nproducts_sentence,data/models/TMP_TinyBERT_6L_768D/multiemo_en_Nproducts_sentence-run-5,multiemo_en_Nproducts_sentence,data/models/TinyBERT_6L_768D/multiemo_en_Nproducts_sentence-run-5,,128,False,True,16,16,5e-05,0.01,4.0,0.0,False,1,False,50,True,,1.0,3280.707533,0.6226415094339622,0.999485,0.5789473684210527,0.33587786259541985,0.4251207729468599,131,0.7175141242937854,0.7383720930232558,0.7277936962750716,344,0.8287671232876712,0.6237113402061856,0.711764705882353,194,0.25903614457831325,0.589041095890411,0.3598326359832636,73,0.5960661901452057,0.5717505979288181,0.5561279527718871,742,0.6770315693965568,0.6226415094339622,0.633964943588434,742,270236395,270194704,67548676
multiemo_en_Nreviews_sentence-run-1,multiemo_en_reviews_sentence,TinyBERT_6L_768D,data/multiemo2,data/models/bert-base-uncased/multiemo_en_Nreviews_sentence,data/models/TMP_TinyBERT_6L_768D/multiemo_en_Nreviews_sentence-run-1,multiemo_en_Nreviews_sentence,data/models/TinyBERT_6L_768D/multiemo_en_Nreviews_sentence-run-1,,128,False,True,16,16,5e-05,0.01,4.0,0.0,False,1,False,50,True,,1.0,3550.3863250000004,0.5098814229249012,0.441886,0.6521739130434783,0.4090909090909091,0.5027932960893855,110,0.39705882352941174,0.675,0.5,40,0.5833333333333334,0.5697674418604651,0.5764705882352942,86,0.25,0.47058823529411764,0.32653061224489793,17,0.4706415174765558,0.531111646561373,0.4764486241423944,253,0.5614156128167026,0.5098814229249012,0.5155523856372766,253,270236395,270194704,67548676
multiemo_en_Nreviews_sentence-run-2,multiemo_en_reviews_sentence,TinyBERT_6L_768D,data/multiemo2,data/models/bert-base-uncased/multiemo_en_Nreviews_sentence,data/models/TMP_TinyBERT_6L_768D/multiemo_en_Nreviews_sentence-run-2,multiemo_en_Nreviews_sentence,data/models/TinyBERT_6L_768D/multiemo_en_Nreviews_sentence-run-2,,128,False,True,16,16,5e-05,0.01,4.0,0.0,False,1,False,50,True,,1.0,3517.3257830000002,0.5335968379446641,0.464222,0.6883116883116883,0.4818181818181818,0.5668449197860963,110,0.40298507462686567,0.675,0.5046728971962616,40,0.64,0.5581395348837209,0.5962732919254659,86,0.20588235294117646,0.4117647058823529,0.2745098039215686,17,0.4842947789699326,0.5316806056460639,0.48557522820734805,253,0.5943624059263255,0.5335968379446641,0.5473756001445762,253,270236395,270194704,67548676
multiemo_en_Nreviews_sentence-run-3,multiemo_en_reviews_sentence,TinyBERT_6L_768D,data/multiemo2,data/models/bert-base-uncased/multiemo_en_Nreviews_sentence,data/models/TMP_TinyBERT_6L_768D/multiemo_en_Nreviews_sentence-run-3,multiemo_en_Nreviews_sentence,data/models/TinyBERT_6L_768D/multiemo_en_Nreviews_sentence-run-3,,128,False,True,16,16,5e-05,0.01,4.0,0.0,False,1,False,50,True,,1.0,3451.980596,0.5375494071146245,0.455484,0.6951219512195121,0.5181818181818182,0.5937499999999999,110,0.4090909090909091,0.675,0.5094339622641509,40,0.6111111111111112,0.5116279069767442,0.5569620253164557,86,0.24242424242424243,0.47058823529411764,0.32,17,0.4894370534614437,0.5438494901131701,0.49503649689515167,253,0.5909241844843888,0.5375494071146245,0.5495201291216648,253,270236395,270194704,67548676
multiemo_en_Nreviews_sentence-run-4,multiemo_en_reviews_sentence,TinyBERT_6L_768D,data/multiemo2,data/models/bert-base-uncased/multiemo_en_Nreviews_sentence,data/models/TMP_TinyBERT_6L_768D/multiemo_en_Nreviews_sentence-run-4,multiemo_en_Nreviews_sentence,data/models/TinyBERT_6L_768D/multiemo_en_Nreviews_sentence-run-4,,128,False,True,16,16,5e-05,0.01,4.0,0.0,False,1,False,50,True,,1.0,3572.0727100000004,0.5177865612648221,0.464425,0.6986301369863014,0.4636363636363636,0.5573770491803279,110,0.4482758620689655,0.65,0.5306122448979592,40,0.5925925925925926,0.5581395348837209,0.5748502994011975,86,0.14634146341463414,0.35294117647058826,0.20689655172413793,17,0.47146001376562335,0.5061792687476683,0.46743403630090563,253,0.5858937446334527,0.5177865612648221,0.5355349104093589,253,270236395,270194704,67548676
multiemo_en_Nreviews_sentence-run-5,multiemo_en_reviews_sentence,TinyBERT_6L_768D,data/multiemo2,data/models/bert-base-uncased/multiemo_en_Nreviews_sentence,data/models/TMP_TinyBERT_6L_768D/multiemo_en_Nreviews_sentence-run-5,multiemo_en_Nreviews_sentence,data/models/TinyBERT_6L_768D/multiemo_en_Nreviews_sentence-run-5,,128,False,True,16,16,5e-05,0.01,4.0,0.0,False,1,False,50,True,,1.0,3512.086394,0.5375494071146245,0.437538,0.6956521739130435,0.43636363636363634,0.5363128491620112,110,0.3815789473684211,0.725,0.5,40,0.6756756756756757,0.5813953488372093,0.6250000000000001,86,0.2647058823529412,0.5294117647058824,0.35294117647058826,17,0.5044031698275203,0.568042687476682,0.5035635064081498,253,0.6102490321473507,0.5375494071146245,0.5483968909400049,253,270236395,270194704,67548676
multiemo_en_hotels_sentence-run-1,multiemo_en_hotels_sentence,TinyBERT_6L_768D,data/multiemo2,data/models/bert-base-uncased/multiemo_en_hotels_sentence,data/models/TMP_TinyBERT_6L_768D/multiemo_en_hotels_sentence-run-1,multiemo_en_hotels_sentence,data/models/TinyBERT_6L_768D/multiemo_en_hotels_sentence-run-1,,128,False,True,16,16,5e-05,0.01,4.0,0.0,False,1,False,50,True,,1.0,1603.701653,0.8193158953722334,3.030956,0.6396761133603239,0.5505226480836237,0.5917602996254683,287,0.8382749326145552,0.9031945788964182,0.869524697110904,1033,0.8493894165535957,0.8646408839779005,0.8569472963723477,724,0.8221649484536082,0.7233560090702947,0.769601930036188,441,0.7873763527455206,0.7604285300070592,0.771958555786227,2485,0.815717396288971,0.8193158953722334,0.8160476908763026,2485,270236395,270194704,67548676
multiemo_en_hotels_sentence-run-2,multiemo_en_hotels_sentence,TinyBERT_6L_768D,data/multiemo2,data/models/bert-base-uncased/multiemo_en_hotels_sentence,data/models/TMP_TinyBERT_6L_768D/multiemo_en_hotels_sentence-run-2,multiemo_en_hotels_sentence,data/models/TinyBERT_6L_768D/multiemo_en_hotels_sentence-run-2,,128,False,True,16,16,5e-05,0.01,4.0,0.0,False,1,False,50,True,,1.0,1600.82387,0.8225352112676056,2.975547,0.6345381526104418,0.5505226480836237,0.5895522388059702,287,0.8549127640036731,0.9012584704743466,0.8774740810556079,1033,0.8461538461538461,0.8660220994475138,0.8559726962457338,724,0.8078817733990148,0.7437641723356009,0.7744982290436836,441,0.785871634041744,0.7653918475852713,0.7743743112877488,2485,0.8185628095369583,0.8225352112676056,0.8196821607074174,2485,270236395,270194704,67548676
multiemo_en_hotels_sentence-run-3,multiemo_en_hotels_sentence,TinyBERT_6L_768D,data/multiemo2,data/models/bert-base-uncased/multiemo_en_hotels_sentence,data/models/TMP_TinyBERT_6L_768D/multiemo_en_hotels_sentence-run-3,multiemo_en_hotels_sentence,data/models/TinyBERT_6L_768D/multiemo_en_hotels_sentence-run-3,,128,False,True,16,16,5e-05,0.01,4.0,0.0,False,1,False,50,True,,1.0,1577.1051889999999,0.8257545271629778,2.989286,0.6583333333333333,0.5505226480836237,0.5996204933586338,287,0.8487848784878488,0.9128751210067764,0.8796641791044776,1033,0.8504043126684636,0.8715469613259669,0.8608458390177354,724,0.8163265306122449,0.7256235827664399,0.7683073229291717,441,0.7934622637754727,0.7651420782957017,0.7771094586025045,2485,0.8215006714352443,0.8257545271629778,0.8220764971708081,2485,270236395,270194704,67548676
multiemo_en_hotels_sentence-run-4,multiemo_en_hotels_sentence,TinyBERT_6L_768D,data/multiemo2,data/models/bert-base-uncased/multiemo_en_hotels_sentence,data/models/TMP_TinyBERT_6L_768D/multiemo_en_hotels_sentence-run-4,multiemo_en_hotels_sentence,data/models/TinyBERT_6L_768D/multiemo_en_hotels_sentence-run-4,,128,False,True,16,16,5e-05,0.01,4.0,0.0,False,1,False,50,True,,1.0,1574.0220450000002,0.8189134808853119,2.998512,0.6104417670682731,0.5296167247386759,0.5671641791044776,287,0.845945945945946,0.9090029041626331,0.8763415772281847,1033,0.8491083676268861,0.8549723756906077,0.8520302821748107,724,0.818639798488665,0.7369614512471655,0.7756563245823389,441,0.7810339697824425,0.7576383639597705,0.767798090772453,2485,0.8148223575879773,0.8189134808853119,0.8156826286177361,2485,270236395,270194704,67548676
multiemo_en_hotels_sentence-run-5,multiemo_en_hotels_sentence,TinyBERT_6L_768D,data/multiemo2,data/models/bert-base-uncased/multiemo_en_hotels_sentence,data/models/TMP_TinyBERT_6L_768D/multiemo_en_hotels_sentence-run-5,multiemo_en_hotels_sentence,data/models/TinyBERT_6L_768D/multiemo_en_hotels_sentence-run-5,,128,False,True,16,16,5e-05,0.01,4.0,0.0,False,1,False,50,True,,1.0,1579.555049,0.8257545271629778,3.058044,0.6356275303643725,0.5470383275261324,0.5880149812734081,287,0.8570110701107011,0.8993223620522749,0.8776570618800189,1033,0.841897233201581,0.8825966850828729,0.8617666891436276,724,0.8278481012658228,0.7414965986394558,0.7822966507177033,441,0.7905959837356193,0.767613493325184,0.7774338457536896,2485,0.8218640427103024,0.8257545271629778,0.8226526963597671,2485,270236395,270194704,67548676
multiemo_en_medicine_sentence-run-1,multiemo_en_medicine_sentence,TinyBERT_6L_768D,data/multiemo2,data/models/bert-base-uncased/multiemo_en_medicine_sentence,data/models/TMP_TinyBERT_6L_768D/multiemo_en_medicine_sentence-run-1,multiemo_en_medicine_sentence,data/models/TinyBERT_6L_768D/multiemo_en_medicine_sentence-run-1,,128,False,True,16,16,5e-05,0.01,4.0,0.0,False,1,False,50,True,,1.0,1500.6025949999998,0.7942604856512141,2.96454,0.5,0.3333333333333333,0.4,153,0.7336683417085427,0.8271954674220963,0.7776298268974701,706,0.8285714285714286,0.8397683397683398,0.8341323106423778,518,0.8657957244655582,0.8209459459459459,0.8427745664739884,888,0.7320088736863823,0.7053107716174288,0.7136341760034591,2265,0.7913891622832878,0.7942604856512141,0.7905832272544228,2265,270236395,270194704,67548676
multiemo_en_medicine_sentence-run-2,multiemo_en_medicine_sentence,TinyBERT_6L_768D,data/multiemo2,data/models/bert-base-uncased/multiemo_en_medicine_sentence,data/models/TMP_TinyBERT_6L_768D/multiemo_en_medicine_sentence-run-2,multiemo_en_medicine_sentence,data/models/TinyBERT_6L_768D/multiemo_en_medicine_sentence-run-2,,128,False,True,16,16,5e-05,0.01,4.0,0.0,False,1,False,50,True,,1.0,1488.15522,0.7916114790286976,2.929603,0.47706422018348627,0.33986928104575165,0.39694656488549623,153,0.7385204081632653,0.8201133144475921,0.7771812080536913,706,0.8369351669941061,0.8223938223938224,0.8296007789678677,518,0.8528389339513326,0.8288288288288288,0.8406624785836665,888,0.7263396823230475,0.7028013116789987,0.7110977576226803,2265,0.7881852643280658,0.7916114790286976,0.7883727336869927,2265,270236395,270194704,67548676
multiemo_en_medicine_sentence-run-3,multiemo_en_medicine_sentence,TinyBERT_6L_768D,data/multiemo2,data/models/bert-base-uncased/multiemo_en_medicine_sentence,data/models/TMP_TinyBERT_6L_768D/multiemo_en_medicine_sentence-run-3,multiemo_en_medicine_sentence,data/models/TinyBERT_6L_768D/multiemo_en_medicine_sentence-run-3,,128,False,True,16,16,5e-05,0.01,4.0,0.0,False,1,False,50,True,,1.0,1492.569148,0.7924944812362031,2.93196,0.4666666666666667,0.3202614379084967,0.37984496124031003,153,0.7377666248431619,0.8328611898016998,0.7824351297405189,706,0.8255813953488372,0.8223938223938224,0.8239845261121858,518,0.8642266824085005,0.8243243243243243,0.8438040345821325,888,0.7235603423167916,0.6999601936070858,0.7075171629187869,2265,0.7891159796506483,0.7924944812362031,0.7888024052545782,2265,270236395,270194704,67548676
multiemo_en_medicine_sentence-run-4,multiemo_en_medicine_sentence,TinyBERT_6L_768D,data/multiemo2,data/models/bert-base-uncased/multiemo_en_medicine_sentence,data/models/TMP_TinyBERT_6L_768D/multiemo_en_medicine_sentence-run-4,multiemo_en_medicine_sentence,data/models/TinyBERT_6L_768D/multiemo_en_medicine_sentence-run-4,,128,False,True,16,16,5e-05,0.01,4.0,0.0,False,1,False,50,True,,1.0,1480.88598,0.7969094922737306,2.932147,0.48695652173913045,0.3660130718954248,0.417910447761194,153,0.7427122940430925,0.830028328611898,0.7839464882943143,706,0.8287937743190662,0.8223938223938224,0.8255813953488373,518,0.8701298701298701,0.829954954954955,0.8495677233429395,888,0.7321481150577898,0.7120975444640251,0.7192515136868214,2265,0.7950771422486143,0.7969094922737306,0.7944696778642281,2265,270236395,270194704,67548676
multiemo_en_medicine_sentence-run-5,multiemo_en_medicine_sentence,TinyBERT_6L_768D,data/multiemo2,data/models/bert-base-uncased/multiemo_en_medicine_sentence,data/models/TMP_TinyBERT_6L_768D/multiemo_en_medicine_sentence-run-5,multiemo_en_medicine_sentence,data/models/TinyBERT_6L_768D/multiemo_en_medicine_sentence-run-5,,128,False,True,16,16,5e-05,0.01,4.0,0.0,False,1,False,50,True,,1.0,1484.769953,0.7933774834437086,2.946553,0.4666666666666667,0.3202614379084967,0.37984496124031003,153,0.7334993773349938,0.8342776203966006,0.780649436713055,706,0.83203125,0.8223938223938224,0.8271844660194175,518,0.8674556213017751,0.8254504504504504,0.845931909982689,888,0.7249132288258588,0.7005958327873425,0.7084026934888679,2265,0.7905268607569457,0.7933774834437086,0.7898118635107594,2265,270236395,270194704,67548676
multiemo_en_products_sentence-run-1,multiemo_en_products_sentence,TinyBERT_6L_768D,data/multiemo2,data/models/bert-base-uncased/multiemo_en_products_sentence,data/models/TMP_TinyBERT_6L_768D/multiemo_en_products_sentence-run-1,multiemo_en_products_sentence,data/models/TinyBERT_6L_768D/multiemo_en_products_sentence-run-1,,128,False,True,16,16,5e-05,0.01,4.0,0.0,False,1,False,50,True,,1.0,493.62314100000003,0.7115902964959568,1.014315,0.44871794871794873,0.5343511450381679,0.48780487804878053,131,0.7777777777777778,0.8343023255813954,0.8050490883590463,344,0.834319526627219,0.7268041237113402,0.7768595041322313,194,0.625,0.410958904109589,0.49586776859504134,73,0.6714538132807364,0.6266041246101232,0.6413953097837749,742,0.7194347641553737,0.7115902964959568,0.7112512349447345,742,270236395,270194704,67548676
multiemo_en_products_sentence-run-2,multiemo_en_products_sentence,TinyBERT_6L_768D,data/multiemo2,data/models/bert-base-uncased/multiemo_en_products_sentence,data/models/TMP_TinyBERT_6L_768D/multiemo_en_products_sentence-run-2,multiemo_en_products_sentence,data/models/TinyBERT_6L_768D/multiemo_en_products_sentence-run-2,,128,False,True,16,16,5e-05,0.01,4.0,0.0,False,1,False,50,True,,1.0,494.86245599999995,0.7129380053908356,1.020385,0.47096774193548385,0.5572519083969466,0.5104895104895104,131,0.782016348773842,0.8343023255813954,0.8073136427566807,344,0.8103448275862069,0.7268041237113402,0.7663043478260868,194,0.6086956521739131,0.3835616438356164,0.47058823529411764,73,0.6680061426173615,0.6254800003813246,0.6386739340915989,742,0.717455629827722,0.7129380053908356,0.7110593040932015,742,270236395,270194704,67548676
multiemo_en_products_sentence-run-3,multiemo_en_products_sentence,TinyBERT_6L_768D,data/multiemo2,data/models/bert-base-uncased/multiemo_en_products_sentence,data/models/TMP_TinyBERT_6L_768D/multiemo_en_products_sentence-run-3,multiemo_en_products_sentence,data/models/TinyBERT_6L_768D/multiemo_en_products_sentence-run-3,,128,False,True,16,16,5e-05,0.01,4.0,0.0,False,1,False,50,True,,1.0,496.276017,0.7102425876010782,1.024126,0.45161290322580644,0.5343511450381679,0.4895104895104895,131,0.7669376693766937,0.8226744186046512,0.79382889200561,344,0.8202247191011236,0.7525773195876289,0.7849462365591398,194,0.7,0.3835616438356164,0.495575221238938,73,0.6846938229259059,0.6232911317665162,0.6409652098285443,742,0.7186138060563089,0.7102425876010782,0.70843608358318,742,270236395,270194704,67548676
multiemo_en_products_sentence-run-4,multiemo_en_products_sentence,TinyBERT_6L_768D,data/multiemo2,data/models/bert-base-uncased/multiemo_en_products_sentence,data/models/TMP_TinyBERT_6L_768D/multiemo_en_products_sentence-run-4,multiemo_en_products_sentence,data/models/TinyBERT_6L_768D/multiemo_en_products_sentence-run-4,,128,False,True,16,16,5e-05,0.01,4.0,0.0,False,1,False,50,True,,1.0,488.796551,0.7075471698113207,1.025288,0.4657534246575342,0.5190839694656488,0.49097472924187724,131,0.7559055118110236,0.8372093023255814,0.7944827586206896,344,0.8372093023255814,0.7422680412371134,0.7868852459016393,194,0.5813953488372093,0.3424657534246575,0.43103448275862066,73,0.6600658969078372,0.6102567666132503,0.6258443041307067,742,0.7087677355921944,0.7075471698113207,0.7031550046394885,742,270236395,270194704,67548676
multiemo_en_products_sentence-run-5,multiemo_en_products_sentence,TinyBERT_6L_768D,data/multiemo2,data/models/bert-base-uncased/multiemo_en_products_sentence,data/models/TMP_TinyBERT_6L_768D/multiemo_en_products_sentence-run-5,multiemo_en_products_sentence,data/models/TinyBERT_6L_768D/multiemo_en_products_sentence-run-5,,128,False,True,16,16,5e-05,0.01,4.0,0.0,False,1,False,50,True,,1.0,494.15550099999996,0.7142857142857143,1.024944,0.46,0.5267175572519084,0.49110320284697506,131,0.7730870712401056,0.8517441860465116,0.8105117565698479,344,0.8323353293413174,0.7164948453608248,0.7700831024930747,194,0.6304347826086957,0.3972602739726027,0.48739495798319327,73,0.6739642957975297,0.6230542156579618,0.6397732549732728,742,0.7192678511175831,0.7142857142857143,0.7117608054574271,742,270236395,270194704,67548676
multiemo_en_reviews_sentence-run-1,multiemo_en_reviews_sentence,TinyBERT_6L_768D,data/multiemo2,data/models/bert-base-uncased/multiemo_en_reviews_sentence,data/models/TMP_TinyBERT_6L_768D/multiemo_en_reviews_sentence-run-1,multiemo_en_reviews_sentence,data/models/TinyBERT_6L_768D/multiemo_en_reviews_sentence-run-1,,128,False,True,16,16,5e-05,0.01,4.0,0.0,False,1,False,50,True,,1.0,199.583019,0.6363636363636364,0.461063,0.6634615384615384,0.6272727272727273,0.6448598130841121,110,0.5714285714285714,0.5,0.5333333333333333,40,0.6836734693877551,0.7790697674418605,0.7282608695652174,86,0.3125,0.29411764705882354,0.30303030303030304,17,0.5577658948194663,0.5501150354433528,0.5523710797532415,253,0.6321989346057668,0.6363636363636364,0.6326081529909467,253,270236395,270194704,67548676
multiemo_en_reviews_sentence-run-2,multiemo_en_reviews_sentence,TinyBERT_6L_768D,data/multiemo2,data/models/bert-base-uncased/multiemo_en_reviews_sentence,data/models/TMP_TinyBERT_6L_768D/multiemo_en_reviews_sentence-run-2,multiemo_en_reviews_sentence,data/models/TinyBERT_6L_768D/multiemo_en_reviews_sentence-run-2,,128,False,True,16,16,5e-05,0.01,4.0,0.0,False,1,False,50,True,,1.0,201.60956800000002,0.6521739130434783,0.454345,0.71875,0.6272727272727273,0.6699029126213591,110,0.5813953488372093,0.625,0.6024096385542168,40,0.6702127659574468,0.7325581395348837,0.7,86,0.4,0.47058823529411764,0.4324324324324324,17,0.5925895286986641,0.6138547755254322,0.6011862459020021,253,0.6591170427898373,0.6521739130434783,0.6535061552643064,253,270236395,270194704,67548676
multiemo_en_reviews_sentence-run-3,multiemo_en_reviews_sentence,TinyBERT_6L_768D,data/multiemo2,data/models/bert-base-uncased/multiemo_en_reviews_sentence,data/models/TMP_TinyBERT_6L_768D/multiemo_en_reviews_sentence-run-3,multiemo_en_reviews_sentence,data/models/TinyBERT_6L_768D/multiemo_en_reviews_sentence-run-3,,128,False,True,16,16,5e-05,0.01,4.0,0.0,False,1,False,50,True,,1.0,200.25996600000002,0.6442687747035574,0.445513,0.69,0.6272727272727273,0.6571428571428571,110,0.5952380952380952,0.625,0.6097560975609756,40,0.6595744680851063,0.7209302325581395,0.6888888888888888,86,0.4117647058823529,0.4117647058823529,0.4117647058823529,17,0.5891443173013886,0.5962419164283049,0.5918881373687686,253,0.6459799528254662,0.6442687747035574,0.6439541606031531,253,270236395,270194704,67548676
multiemo_en_reviews_sentence-run-4,multiemo_en_reviews_sentence,TinyBERT_6L_768D,data/multiemo2,data/models/bert-base-uncased/multiemo_en_reviews_sentence,data/models/TMP_TinyBERT_6L_768D/multiemo_en_reviews_sentence-run-4,multiemo_en_reviews_sentence,data/models/TinyBERT_6L_768D/multiemo_en_reviews_sentence-run-4,,128,False,True,16,16,5e-05,0.01,4.0,0.0,False,1,False,50,True,,1.0,199.802936,0.6363636363636364,0.455302,0.7078651685393258,0.5727272727272728,0.6331658291457287,110,0.5106382978723404,0.6,0.5517241379310344,40,0.6947368421052632,0.7674418604651163,0.7292817679558011,86,0.36363636363636365,0.47058823529411764,0.41025641025641024,17,0.5692191680383233,0.6026893421216267,0.5811070363222436,253,0.649090462676246,0.6363636363636364,0.6379833902839107,253,270236395,270194704,67548676
multiemo_en_reviews_sentence-run-5,multiemo_en_reviews_sentence,TinyBERT_6L_768D,data/multiemo2,data/models/bert-base-uncased/multiemo_en_reviews_sentence,data/models/TMP_TinyBERT_6L_768D/multiemo_en_reviews_sentence-run-5,multiemo_en_reviews_sentence,data/models/TinyBERT_6L_768D/multiemo_en_reviews_sentence-run-5,,128,False,True,16,16,5e-05,0.01,4.0,0.0,False,1,False,50,True,,1.0,204.561198,0.616600790513834,0.459445,0.6767676767676768,0.6090909090909091,0.6411483253588518,110,0.5365853658536586,0.55,0.54320987654321,40,0.6666666666666666,0.6744186046511628,0.6705202312138728,86,0.34615384615384615,0.5294117647058824,0.41860465116279066,17,0.5565433888604621,0.5907303196119885,0.5683707710696813,253,0.6289557620416582,0.616600790513834,0.6206945842109195,253,270236395,270194704,67548676
